tile_file,source_file,source_type,dpi,source_width,source_height,x1,y1,x2,y2,tile_size,ink_ratio,edge_ratio
C3010-035-250F-01_tile_r00_c00.png,C3010-035-250F-01.pdf,pdf,300,3509,2480,0,0,1280,1280,1280,0.033755,0.015002
C3010-035-250F-01_tile_r00_c01.png,C3010-035-250F-01.pdf,pdf,300,3509,2480,960,0,2240,1280,1280,0.04553,0.020242
C3010-035-250F-01_tile_r00_c02.png,C3010-035-250F-01.pdf,pdf,300,3509,2480,1920,0,3200,1280,1280,0.05288,0.024152
C3010-035-250F-01_tile_r00_c03.png,C3010-035-250F-01.pdf,pdf,300,3509,2480,2229,0,3509,1280,1280,0.052258,0.024055
C3010-035-250F-01_tile_r01_c00.png,C3010-035-250F-01.pdf,pdf,300,3509,2480,0,960,1280,2240,1280,0.039387,0.017936
C3010-035-250F-01_tile_r01_c01.png,C3010-035-250F-01.pdf,pdf,300,3509,2480,960,960,2240,2240,1280,0.054774,0.023461
C3010-035-250F-01_tile_r01_c02.png,C3010-035-250F-01.pdf,pdf,300,3509,2480,1920,960,3200,2240,1280,0.085701,0.036259
C3010-035-250F-01_tile_r01_c03.png,C3010-035-250F-01.pdf,pdf,300,3509,2480,2229,960,3509,2240,1280,0.077687,0.033767
C3010-035-250F-01_tile_r02_c00.png,C3010-035-250F-01.pdf,pdf,300,3509,2480,0,1200,1280,2480,1280,0.03576,0.016469
C3010-035-250F-01_tile_r02_c01.png,C3010-035-250F-01.pdf,pdf,300,3509,2480,960,1200,2240,2480,1280,0.05427,0.023926
C3010-035-250F-01_tile_r02_c02.png,C3010-035-250F-01.pdf,pdf,300,3509,2480,1920,1200,3200,2480,1280,0.095375,0.042139
C3010-035-250F-01_tile_r02_c03.png,C3010-035-250F-01.pdf,pdf,300,3509,2480,2229,1200,3509,2480,1280,0.084288,0.037526
C3020-060-201F-02_tile_r00_c00.png,C3020-060-201F-02.pdf,pdf,300,3509,2480,0,0,1280,1280,1280,0.031122,0.013891
C3020-060-201F-02_tile_r00_c01.png,C3020-060-201F-02.pdf,pdf,300,3509,2480,960,0,2240,1280,1280,0.056889,0.025367
C3020-060-201F-02_tile_r00_c02.png,C3020-060-201F-02.pdf,pdf,300,3509,2480,1920,0,3200,1280,1280,0.064444,0.029235
C3020-060-201F-02_tile_r00_c03.png,C3020-060-201F-02.pdf,pdf,300,3509,2480,2229,0,3509,1280,1280,0.065198,0.029572
C3020-060-201F-02_tile_r01_c00.png,C3020-060-201F-02.pdf,pdf,300,3509,2480,0,960,1280,2240,1280,0.034587,0.016237
C3020-060-201F-02_tile_r01_c01.png,C3020-060-201F-02.pdf,pdf,300,3509,2480,960,960,2240,2240,1280,0.065022,0.027338
C3020-060-201F-02_tile_r01_c02.png,C3020-060-201F-02.pdf,pdf,300,3509,2480,1920,960,3200,2240,1280,0.080916,0.033279
C3020-060-201F-02_tile_r01_c03.png,C3020-060-201F-02.pdf,pdf,300,3509,2480,2229,960,3509,2240,1280,0.07295,0.031224
C3020-060-201F-02_tile_r02_c00.png,C3020-060-201F-02.pdf,pdf,300,3509,2480,0,1200,1280,2480,1280,0.031699,0.015264
C3020-060-201F-02_tile_r02_c01.png,C3020-060-201F-02.pdf,pdf,300,3509,2480,960,1200,2240,2480,1280,0.062236,0.026862
C3020-060-201F-02_tile_r02_c02.png,C3020-060-201F-02.pdf,pdf,300,3509,2480,1920,1200,3200,2480,1280,0.091671,0.03926
C3020-060-201F-02_tile_r02_c03.png,C3020-060-201F-02.pdf,pdf,300,3509,2480,2229,1200,3509,2480,1280,0.08366,0.036561
CARBIDE_BALLNOSE_2F_tile_r00_c00.png,CARBIDE BALLNOSE 2F.pdf,pdf,300,3509,2480,0,0,1280,1280,1280,0.023553,0.015366
CARBIDE_BALLNOSE_2F_tile_r00_c01.png,CARBIDE BALLNOSE 2F.pdf,pdf,300,3509,2480,960,0,2240,1280,1280,0.200137,0.013626
CARBIDE_BALLNOSE_2F_tile_r00_c02.png,CARBIDE BALLNOSE 2F.pdf,pdf,300,3509,2480,1920,0,3200,1280,1280,0.066417,0.009401
CARBIDE_BALLNOSE_2F_tile_r00_c03.png,CARBIDE BALLNOSE 2F.pdf,pdf,300,3509,2480,2229,0,3509,1280,1280,0.017317,0.009578
CARBIDE_BALLNOSE_2F_tile_r01_c00.png,CARBIDE BALLNOSE 2F.pdf,pdf,300,3509,2480,0,960,1280,2240,1280,0.055292,0.03437
CARBIDE_BALLNOSE_2F_tile_r01_c01.png,CARBIDE BALLNOSE 2F.pdf,pdf,300,3509,2480,960,960,2240,2240,1280,0.237435,0.026711
CARBIDE_BALLNOSE_2F_tile_r01_c02.png,CARBIDE BALLNOSE 2F.pdf,pdf,300,3509,2480,1920,960,3200,2240,1280,0.064945,0.004694
CARBIDE_BALLNOSE_2F_tile_r01_c03.png,CARBIDE BALLNOSE 2F.pdf,pdf,300,3509,2480,2229,960,3509,2240,1280,0.010643,0.005565
CARBIDE_BALLNOSE_2F_tile_r02_c00.png,CARBIDE BALLNOSE 2F.pdf,pdf,300,3509,2480,0,1200,1280,2480,1280,0.054459,0.033784
CARBIDE_BALLNOSE_2F_tile_r02_c01.png,CARBIDE BALLNOSE 2F.pdf,pdf,300,3509,2480,960,1200,2240,2480,1280,0.148084,0.02703
CARBIDE_BALLNOSE_2F_tile_r02_c02.png,CARBIDE BALLNOSE 2F.pdf,pdf,300,3509,2480,1920,1200,3200,2480,1280,0.036043,0.002514
CARBIDE_BALLNOSE_2F_tile_r02_c03.png,CARBIDE BALLNOSE 2F.pdf,pdf,300,3509,2480,2229,1200,3509,2480,1280,0.00534,0.002923
FAB-C-3020-175-6400_W3-C171246401-00_tile_r00_c00.png,FAB-C-3020-175-6400 W3-C171246401-00.pdf,pdf,300,7016,4961,0,0,1280,1280,1280,0.009611,0.006443
FAB-C-3020-175-6400_W3-C171246401-00_tile_r00_c01.png,FAB-C-3020-175-6400 W3-C171246401-00.pdf,pdf,300,7016,4961,960,0,2240,1280,1280,0.011536,0.009156
FAB-C-3020-175-6400_W3-C171246401-00_tile_r00_c02.png,FAB-C-3020-175-6400 W3-C171246401-00.pdf,pdf,300,7016,4961,1920,0,3200,1280,1280,0.015167,0.009334
FAB-C-3020-175-6400_W3-C171246401-00_tile_r00_c03.png,FAB-C-3020-175-6400 W3-C171246401-00.pdf,pdf,300,7016,4961,2880,0,4160,1280,1280,0.010369,0.006207
FAB-C-3020-175-6400_W3-C171246401-00_tile_r00_c04.png,FAB-C-3020-175-6400 W3-C171246401-00.pdf,pdf,300,7016,4961,3840,0,5120,1280,1280,0.00165,0.000836
FAB-C-3020-175-6400_W3-C171246401-00_tile_r00_c05.png,FAB-C-3020-175-6400 W3-C171246401-00.pdf,pdf,300,7016,4961,4800,0,6080,1280,1280,0.008708,0.005563
FAB-C-3020-175-6400_W3-C171246401-00_tile_r00_c06.png,FAB-C-3020-175-6400 W3-C171246401-00.pdf,pdf,300,7016,4961,5736,0,7016,1280,1280,0.010329,0.006196
FAB-C-3020-175-6400_W3-C171246401-00_tile_r01_c00.png,FAB-C-3020-175-6400 W3-C171246401-00.pdf,pdf,300,7016,4961,0,960,1280,2240,1280,0.01434,0.009173
FAB-C-3020-175-6400_W3-C171246401-00_tile_r01_c01.png,FAB-C-3020-175-6400 W3-C171246401-00.pdf,pdf,300,7016,4961,960,960,2240,2240,1280,0.022158,0.011661
FAB-C-3020-175-6400_W3-C171246401-00_tile_r01_c02.png,FAB-C-3020-175-6400 W3-C171246401-00.pdf,pdf,300,7016,4961,1920,960,3200,2240,1280,0.017961,0.010912
FAB-C-3020-175-6400_W3-C171246401-00_tile_r01_c03.png,FAB-C-3020-175-6400 W3-C171246401-00.pdf,pdf,300,7016,4961,2880,960,4160,2240,1280,0.013115,0.010779
FAB-C-3020-175-6400_W3-C171246401-00_tile_r01_c04.png,FAB-C-3020-175-6400 W3-C171246401-00.pdf,pdf,300,7016,4961,3840,960,5120,2240,1280,0.006299,0.004915
FAB-C-3020-175-6400_W3-C171246401-00_tile_r01_c05.png,FAB-C-3020-175-6400 W3-C171246401-00.pdf,pdf,300,7016,4961,4800,960,6080,2240,1280,0.014504,0.011802
FAB-C-3020-175-6400_W3-C171246401-00_tile_r01_c06.png,FAB-C-3020-175-6400 W3-C171246401-00.pdf,pdf,300,7016,4961,5736,960,7016,2240,1280,0.010295,0.006439
FAB-C-3020-175-6400_W3-C171246401-00_tile_r02_c00.png,FAB-C-3020-175-6400 W3-C171246401-00.pdf,pdf,300,7016,4961,0,1920,1280,3200,1280,0.020432,0.012976
FAB-C-3020-175-6400_W3-C171246401-00_tile_r02_c01.png,FAB-C-3020-175-6400 W3-C171246401-00.pdf,pdf,300,7016,4961,960,1920,2240,3200,1280,0.02674,0.015349
FAB-C-3020-175-6400_W3-C171246401-00_tile_r02_c02.png,FAB-C-3020-175-6400 W3-C171246401-00.pdf,pdf,300,7016,4961,1920,1920,3200,3200,1280,0.03251,0.020587
FAB-C-3020-175-6400_W3-C171246401-00_tile_r02_c03.png,FAB-C-3020-175-6400 W3-C171246401-00.pdf,pdf,300,7016,4961,2880,1920,4160,3200,1280,0.025469,0.021176
FAB-C-3020-175-6400_W3-C171246401-00_tile_r02_c04.png,FAB-C-3020-175-6400 W3-C171246401-00.pdf,pdf,300,7016,4961,3840,1920,5120,3200,1280,0.01752,0.014106
FAB-C-3020-175-6400_W3-C171246401-00_tile_r02_c05.png,FAB-C-3020-175-6400 W3-C171246401-00.pdf,pdf,300,7016,4961,4800,1920,6080,3200,1280,0.038521,0.027956
FAB-C-3020-175-6400_W3-C171246401-00_tile_r02_c06.png,FAB-C-3020-175-6400 W3-C171246401-00.pdf,pdf,300,7016,4961,5736,1920,7016,3200,1280,0.008535,0.005428
FAB-C-3020-175-6400_W3-C171246401-00_tile_r03_c00.png,FAB-C-3020-175-6400 W3-C171246401-00.pdf,pdf,300,7016,4961,0,2880,1280,4160,1280,0.021405,0.013455
FAB-C-3020-175-6400_W3-C171246401-00_tile_r03_c01.png,FAB-C-3020-175-6400 W3-C171246401-00.pdf,pdf,300,7016,4961,960,2880,2240,4160,1280,0.001927,0.001085
FAB-C-3020-175-6400_W3-C171246401-00_tile_r03_c02.png,FAB-C-3020-175-6400 W3-C171246401-00.pdf,pdf,300,7016,4961,1920,2880,3200,4160,1280,0.015341,0.008698
FAB-C-3020-175-6400_W3-C171246401-00_tile_r03_c03.png,FAB-C-3020-175-6400 W3-C171246401-00.pdf,pdf,300,7016,4961,2880,2880,4160,4160,1280,0.049231,0.020082
FAB-C-3020-175-6400_W3-C171246401-00_tile_r03_c04.png,FAB-C-3020-175-6400 W3-C171246401-00.pdf,pdf,300,7016,4961,3840,2880,5120,4160,1280,0.054174,0.024804
FAB-C-3020-175-6400_W3-C171246401-00_tile_r03_c05.png,FAB-C-3020-175-6400 W3-C171246401-00.pdf,pdf,300,7016,4961,4800,2880,6080,4160,1280,0.042699,0.031484
FAB-C-3020-175-6400_W3-C171246401-00_tile_r03_c06.png,FAB-C-3020-175-6400 W3-C171246401-00.pdf,pdf,300,7016,4961,5736,2880,7016,4160,1280,0.02295,0.017062
FAB-C-3020-175-6400_W3-C171246401-00_tile_r04_c00.png,FAB-C-3020-175-6400 W3-C171246401-00.pdf,pdf,300,7016,4961,0,3681,1280,4961,1280,0.047495,0.029832
FAB-C-3020-175-6400_W3-C171246401-00_tile_r04_c01.png,FAB-C-3020-175-6400 W3-C171246401-00.pdf,pdf,300,7016,4961,960,3681,2240,4961,1280,0.01869,0.011373
FAB-C-3020-175-6400_W3-C171246401-00_tile_r04_c02.png,FAB-C-3020-175-6400 W3-C171246401-00.pdf,pdf,300,7016,4961,1920,3681,3200,4961,1280,0.020248,0.010375
FAB-C-3020-175-6400_W3-C171246401-00_tile_r04_c03.png,FAB-C-3020-175-6400 W3-C171246401-00.pdf,pdf,300,7016,4961,2880,3681,4160,4961,1280,0.073472,0.028311
FAB-C-3020-175-6400_W3-C171246401-00_tile_r04_c04.png,FAB-C-3020-175-6400 W3-C171246401-00.pdf,pdf,300,7016,4961,3840,3681,5120,4961,1280,0.07777,0.042518
FAB-C-3020-175-6400_W3-C171246401-00_tile_r04_c05.png,FAB-C-3020-175-6400 W3-C171246401-00.pdf,pdf,300,7016,4961,4800,3681,6080,4961,1280,0.048605,0.033885
FAB-C-3020-175-6400_W3-C171246401-00_tile_r04_c06.png,FAB-C-3020-175-6400 W3-C171246401-00.pdf,pdf,300,7016,4961,5736,3681,7016,4961,1280,0.044768,0.027766
FAB-C-3060-010-9100_W3-C100807301-00_tile_r00_c00.png,FAB-C-3060-010-9100 W3-C100807301-00.pdf,pdf,300,7016,4961,0,0,1280,1280,1280,0.012629,0.008944
FAB-C-3060-010-9100_W3-C100807301-00_tile_r00_c01.png,FAB-C-3060-010-9100 W3-C100807301-00.pdf,pdf,300,7016,4961,960,0,2240,1280,1280,0.026055,0.018576
FAB-C-3060-010-9100_W3-C100807301-00_tile_r00_c02.png,FAB-C-3060-010-9100 W3-C100807301-00.pdf,pdf,300,7016,4961,1920,0,3200,1280,1280,0.019064,0.013121
FAB-C-3060-010-9100_W3-C100807301-00_tile_r00_c03.png,FAB-C-3060-010-9100 W3-C100807301-00.pdf,pdf,300,7016,4961,2880,0,4160,1280,1280,0.008276,0.00569
FAB-C-3060-010-9100_W3-C100807301-00_tile_r00_c04.png,FAB-C-3060-010-9100 W3-C100807301-00.pdf,pdf,300,7016,4961,3840,0,5120,1280,1280,0.002477,0.001627
FAB-C-3060-010-9100_W3-C100807301-00_tile_r00_c05.png,FAB-C-3060-010-9100 W3-C100807301-00.pdf,pdf,300,7016,4961,4800,0,6080,1280,1280,0.023004,0.01243
FAB-C-3060-010-9100_W3-C100807301-00_tile_r00_c06.png,FAB-C-3060-010-9100 W3-C100807301-00.pdf,pdf,300,7016,4961,5736,0,7016,1280,1280,0.025461,0.013535
FAB-C-3060-010-9100_W3-C100807301-00_tile_r01_c00.png,FAB-C-3060-010-9100 W3-C100807301-00.pdf,pdf,300,7016,4961,0,960,1280,2240,1280,0.008508,0.007194
FAB-C-3060-010-9100_W3-C100807301-00_tile_r01_c01.png,FAB-C-3060-010-9100 W3-C100807301-00.pdf,pdf,300,7016,4961,960,960,2240,2240,1280,0.025333,0.022024
FAB-C-3060-010-9100_W3-C100807301-00_tile_r01_c02.png,FAB-C-3060-010-9100 W3-C100807301-00.pdf,pdf,300,7016,4961,1920,960,3200,2240,1280,0.021251,0.017729
FAB-C-3060-010-9100_W3-C100807301-00_tile_r01_c03.png,FAB-C-3060-010-9100 W3-C100807301-00.pdf,pdf,300,7016,4961,2880,960,4160,2240,1280,0.010709,0.007646
FAB-C-3060-010-9100_W3-C100807301-00_tile_r01_c04.png,FAB-C-3060-010-9100 W3-C100807301-00.pdf,pdf,300,7016,4961,3840,960,5120,2240,1280,0.013875,0.010556
FAB-C-3060-010-9100_W3-C100807301-00_tile_r01_c05.png,FAB-C-3060-010-9100 W3-C100807301-00.pdf,pdf,300,7016,4961,4800,960,6080,2240,1280,0.016387,0.013336
FAB-C-3060-010-9100_W3-C100807301-00_tile_r01_c06.png,FAB-C-3060-010-9100 W3-C100807301-00.pdf,pdf,300,7016,4961,5736,960,7016,2240,1280,0.020032,0.012991
FAB-C-3060-010-9100_W3-C100807301-00_tile_r02_c00.png,FAB-C-3060-010-9100 W3-C100807301-00.pdf,pdf,300,7016,4961,0,1920,1280,3200,1280,0.019736,0.012618
FAB-C-3060-010-9100_W3-C100807301-00_tile_r02_c01.png,FAB-C-3060-010-9100 W3-C100807301-00.pdf,pdf,300,7016,4961,960,1920,2240,3200,1280,0.032507,0.023499
FAB-C-3060-010-9100_W3-C100807301-00_tile_r02_c02.png,FAB-C-3060-010-9100 W3-C100807301-00.pdf,pdf,300,7016,4961,1920,1920,3200,3200,1280,0.032288,0.023049
FAB-C-3060-010-9100_W3-C100807301-00_tile_r02_c03.png,FAB-C-3060-010-9100 W3-C100807301-00.pdf,pdf,300,7016,4961,2880,1920,4160,3200,1280,0.025959,0.019262
FAB-C-3060-010-9100_W3-C100807301-00_tile_r02_c04.png,FAB-C-3060-010-9100 W3-C100807301-00.pdf,pdf,300,7016,4961,3840,1920,5120,3200,1280,0.040268,0.029442
FAB-C-3060-010-9100_W3-C100807301-00_tile_r02_c05.png,FAB-C-3060-010-9100 W3-C100807301-00.pdf,pdf,300,7016,4961,4800,1920,6080,3200,1280,0.044302,0.029604
FAB-C-3060-010-9100_W3-C100807301-00_tile_r02_c06.png,FAB-C-3060-010-9100 W3-C100807301-00.pdf,pdf,300,7016,4961,5736,1920,7016,3200,1280,0.028203,0.018954
FAB-C-3060-010-9100_W3-C100807301-00_tile_r03_c00.png,FAB-C-3060-010-9100 W3-C100807301-00.pdf,pdf,300,7016,4961,0,2880,1280,4160,1280,0.036204,0.021786
FAB-C-3060-010-9100_W3-C100807301-00_tile_r03_c01.png,FAB-C-3060-010-9100 W3-C100807301-00.pdf,pdf,300,7016,4961,960,2880,2240,4160,1280,0.032526,0.024146
FAB-C-3060-010-9100_W3-C100807301-00_tile_r03_c02.png,FAB-C-3060-010-9100 W3-C100807301-00.pdf,pdf,300,7016,4961,1920,2880,3200,4160,1280,0.030596,0.021927
FAB-C-3060-010-9100_W3-C100807301-00_tile_r03_c03.png,FAB-C-3060-010-9100 W3-C100807301-00.pdf,pdf,300,7016,4961,2880,2880,4160,4160,1280,0.0244,0.019393
FAB-C-3060-010-9100_W3-C100807301-00_tile_r03_c04.png,FAB-C-3060-010-9100 W3-C100807301-00.pdf,pdf,300,7016,4961,3840,2880,5120,4160,1280,0.031808,0.022142
FAB-C-3060-010-9100_W3-C100807301-00_tile_r03_c05.png,FAB-C-3060-010-9100 W3-C100807301-00.pdf,pdf,300,7016,4961,4800,2880,6080,4160,1280,0.046718,0.028747
FAB-C-3060-010-9100_W3-C100807301-00_tile_r03_c06.png,FAB-C-3060-010-9100 W3-C100807301-00.pdf,pdf,300,7016,4961,5736,2880,7016,4160,1280,0.035076,0.020646
FAB-C-3060-010-9100_W3-C100807301-00_tile_r04_c00.png,FAB-C-3060-010-9100 W3-C100807301-00.pdf,pdf,300,7016,4961,0,3681,1280,4961,1280,0.070974,0.039136
FAB-C-3060-010-9100_W3-C100807301-00_tile_r04_c01.png,FAB-C-3060-010-9100 W3-C100807301-00.pdf,pdf,300,7016,4961,960,3681,2240,4961,1280,0.047938,0.027571
FAB-C-3060-010-9100_W3-C100807301-00_tile_r04_c02.png,FAB-C-3060-010-9100 W3-C100807301-00.pdf,pdf,300,7016,4961,1920,3681,3200,4961,1280,0.040596,0.024222
FAB-C-3060-010-9100_W3-C100807301-00_tile_r04_c03.png,FAB-C-3060-010-9100 W3-C100807301-00.pdf,pdf,300,7016,4961,2880,3681,4160,4961,1280,0.0234,0.019751
FAB-C-3060-010-9100_W3-C100807301-00_tile_r04_c04.png,FAB-C-3060-010-9100 W3-C100807301-00.pdf,pdf,300,7016,4961,3840,3681,5120,4961,1280,0.033892,0.023997
FAB-C-3060-010-9100_W3-C100807301-00_tile_r04_c05.png,FAB-C-3060-010-9100 W3-C100807301-00.pdf,pdf,300,7016,4961,4800,3681,6080,4961,1280,0.063533,0.035953
FAB-C-3060-010-9100_W3-C100807301-00_tile_r04_c06.png,FAB-C-3060-010-9100 W3-C100807301-00.pdf,pdf,300,7016,4961,5736,3681,7016,4961,1280,0.06087,0.031126
W3-C081236901-00_tile_r00_c00.png,W3-C081236901-00.pdf,pdf,300,4963,3509,0,0,1280,1280,1280,0.006085,0.003727
W3-C081236901-00_tile_r00_c01.png,W3-C081236901-00.pdf,pdf,300,4963,3509,960,0,2240,1280,1280,0.013442,0.010118
W3-C081236901-00_tile_r00_c02.png,W3-C081236901-00.pdf,pdf,300,4963,3509,1920,0,3200,1280,1280,0.002791,0.001471
W3-C081236901-00_tile_r00_c03.png,W3-C081236901-00.pdf,pdf,300,4963,3509,2880,0,4160,1280,1280,0.009051,0.00586
W3-C081236901-00_tile_r00_c04.png,W3-C081236901-00.pdf,pdf,300,4963,3509,3683,0,4963,1280,1280,0.011487,0.007374
W3-C081236901-00_tile_r01_c00.png,W3-C081236901-00.pdf,pdf,300,4963,3509,0,960,1280,2240,1280,0.013215,0.008433
W3-C081236901-00_tile_r01_c01.png,W3-C081236901-00.pdf,pdf,300,4963,3509,960,960,2240,2240,1280,0.022969,0.017798
W3-C081236901-00_tile_r01_c02.png,W3-C081236901-00.pdf,pdf,300,4963,3509,1920,960,3200,2240,1280,0.005159,0.003305
W3-C081236901-00_tile_r01_c03.png,W3-C081236901-00.pdf,pdf,300,4963,3509,2880,960,4160,2240,1280,0.01067,0.007259
W3-C081236901-00_tile_r01_c04.png,W3-C081236901-00.pdf,pdf,300,4963,3509,3683,960,4963,2240,1280,0.012166,0.008066
W3-C081236901-00_tile_r02_c00.png,W3-C081236901-00.pdf,pdf,300,4963,3509,0,1920,1280,3200,1280,0.036,0.025115
W3-C081236901-00_tile_r02_c01.png,W3-C081236901-00.pdf,pdf,300,4963,3509,960,1920,2240,3200,1280,0.020577,0.014745
W3-C081236901-00_tile_r02_c02.png,W3-C081236901-00.pdf,pdf,300,4963,3509,1920,1920,3200,3200,1280,0.020032,0.012863
W3-C081236901-00_tile_r02_c03.png,W3-C081236901-00.pdf,pdf,300,4963,3509,2880,1920,4160,3200,1280,0.046423,0.030934
W3-C081236901-00_tile_r02_c04.png,W3-C081236901-00.pdf,pdf,300,4963,3509,3683,1920,4963,3200,1280,0.038872,0.024984
W3-C081236901-00_tile_r03_c00.png,W3-C081236901-00.pdf,pdf,300,4963,3509,0,2229,1280,3509,1280,0.039072,0.027293
W3-C081236901-00_tile_r03_c01.png,W3-C081236901-00.pdf,pdf,300,4963,3509,960,2229,2240,3509,1280,0.021065,0.013553
W3-C081236901-00_tile_r03_c02.png,W3-C081236901-00.pdf,pdf,300,4963,3509,1920,2229,3200,3509,1280,0.025537,0.016183
W3-C081236901-00_tile_r03_c03.png,W3-C081236901-00.pdf,pdf,300,4963,3509,2880,2229,4160,3509,1280,0.042333,0.028255
W3-C081236901-00_tile_r03_c04.png,W3-C081236901-00.pdf,pdf,300,4963,3509,3683,2229,4963,3509,1280,0.033167,0.020984
W3-C081508901-00_tile_r00_c00.png,W3-C081508901-00.pdf,pdf,300,4963,3509,0,0,1280,1280,1280,0.006302,0.004318
W3-C081508901-00_tile_r00_c01.png,W3-C081508901-00.pdf,pdf,300,4963,3509,960,0,2240,1280,1280,0.014834,0.011262
W3-C081508901-00_tile_r00_c02.png,W3-C081508901-00.pdf,pdf,300,4963,3509,1920,0,3200,1280,1280,0.009832,0.006314
W3-C081508901-00_tile_r00_c03.png,W3-C081508901-00.pdf,pdf,300,4963,3509,2880,0,4160,1280,1280,0.010868,0.007179
W3-C081508901-00_tile_r00_c04.png,W3-C081508901-00.pdf,pdf,300,4963,3509,3683,0,4963,1280,1280,0.012713,0.008127
W3-C081508901-00_tile_r01_c00.png,W3-C081508901-00.pdf,pdf,300,4963,3509,0,960,1280,2240,1280,0.019611,0.013908
W3-C081508901-00_tile_r01_c01.png,W3-C081508901-00.pdf,pdf,300,4963,3509,960,960,2240,2240,1280,0.029355,0.022098
W3-C081508901-00_tile_r01_c02.png,W3-C081508901-00.pdf,pdf,300,4963,3509,1920,960,3200,2240,1280,0.017341,0.011933
W3-C081508901-00_tile_r01_c03.png,W3-C081508901-00.pdf,pdf,300,4963,3509,2880,960,4160,2240,1280,0.012273,0.008077
W3-C081508901-00_tile_r01_c04.png,W3-C081508901-00.pdf,pdf,300,4963,3509,3683,960,4963,2240,1280,0.013872,0.009376
W3-C081508901-00_tile_r02_c00.png,W3-C081508901-00.pdf,pdf,300,4963,3509,0,1920,1280,3200,1280,0.035552,0.025245
W3-C081508901-00_tile_r02_c01.png,W3-C081508901-00.pdf,pdf,300,4963,3509,960,1920,2240,3200,1280,0.018019,0.01274
W3-C081508901-00_tile_r02_c02.png,W3-C081508901-00.pdf,pdf,300,4963,3509,1920,1920,3200,3200,1280,0.022763,0.015414
W3-C081508901-00_tile_r02_c03.png,W3-C081508901-00.pdf,pdf,300,4963,3509,2880,1920,4160,3200,1280,0.045372,0.030582
W3-C081508901-00_tile_r02_c04.png,W3-C081508901-00.pdf,pdf,300,4963,3509,3683,1920,4963,3200,1280,0.040863,0.026488
W3-C081508901-00_tile_r03_c00.png,W3-C081508901-00.pdf,pdf,300,4963,3509,0,2229,1280,3509,1280,0.038923,0.027219
W3-C081508901-00_tile_r03_c01.png,W3-C081508901-00.pdf,pdf,300,4963,3509,960,2229,2240,3509,1280,0.019756,0.013011
W3-C081508901-00_tile_r03_c02.png,W3-C081508901-00.pdf,pdf,300,4963,3509,1920,2229,3200,3509,1280,0.025464,0.016761
W3-C081508901-00_tile_r03_c03.png,W3-C081508901-00.pdf,pdf,300,4963,3509,2880,2229,4160,3509,1280,0.043569,0.029315
W3-C081508901-00_tile_r03_c04.png,W3-C081508901-00.pdf,pdf,300,4963,3509,3683,2229,4963,3509,1280,0.033748,0.02139
W3-C081779801-00_tile_r00_c00.png,W3-C081779801-00.pdf,pdf,300,3508,2481,0,0,1280,1280,1280,0.013011,0.014662
W3-C081779801-00_tile_r00_c01.png,W3-C081779801-00.pdf,pdf,300,3508,2481,960,0,2240,1280,1280,0.024663,0.031095
W3-C081779801-00_tile_r00_c02.png,W3-C081779801-00.pdf,pdf,300,3508,2481,1920,0,3200,1280,1280,0.021234,0.022903
W3-C081779801-00_tile_r00_c03.png,W3-C081779801-00.pdf,pdf,300,3508,2481,2228,0,3508,1280,1280,0.016104,0.016838
W3-C081779801-00_tile_r01_c00.png,W3-C081779801-00.pdf,pdf,300,3508,2481,0,960,1280,2240,1280,0.019851,0.017612
W3-C081779801-00_tile_r01_c01.png,W3-C081779801-00.pdf,pdf,300,3508,2481,960,960,2240,2240,1280,0.01598,0.015514
W3-C081779801-00_tile_r01_c02.png,W3-C081779801-00.pdf,pdf,300,3508,2481,1920,960,3200,2240,1280,0.027333,0.029304
W3-C081779801-00_tile_r01_c03.png,W3-C081779801-00.pdf,pdf,300,3508,2481,2228,960,3508,2240,1280,0.029944,0.032878
W3-C081779801-00_tile_r02_c00.png,W3-C081779801-00.pdf,pdf,300,3508,2481,0,1201,1280,2481,1280,0.027401,0.026256
W3-C081779801-00_tile_r02_c01.png,W3-C081779801-00.pdf,pdf,300,3508,2481,960,1201,2240,2481,1280,0.012896,0.012089
W3-C081779801-00_tile_r02_c02.png,W3-C081779801-00.pdf,pdf,300,3508,2481,1920,1201,3200,2481,1280,0.028547,0.030486
W3-C081779801-00_tile_r02_c03.png,W3-C081779801-00.pdf,pdf,300,3508,2481,2228,1201,3508,2481,1280,0.033229,0.036198
W3-C090489701-1A_tile_r00_c00.png,W3-C090489701-1A.pdf,pdf,300,3508,2481,0,0,1280,1280,1280,0.014092,0.013757
W3-C090489701-1A_tile_r00_c01.png,W3-C090489701-1A.pdf,pdf,300,3508,2481,960,0,2240,1280,1280,0.01426,0.014354
W3-C090489701-1A_tile_r00_c02.png,W3-C090489701-1A.pdf,pdf,300,3508,2481,1920,0,3200,1280,1280,0.016528,0.012584
W3-C090489701-1A_tile_r00_c03.png,W3-C090489701-1A.pdf,pdf,300,3508,2481,2228,0,3508,1280,1280,0.015211,0.01087
W3-C090489701-1A_tile_r01_c00.png,W3-C090489701-1A.pdf,pdf,300,3508,2481,0,960,1280,2240,1280,0.034592,0.032374
W3-C090489701-1A_tile_r01_c01.png,W3-C090489701-1A.pdf,pdf,300,3508,2481,960,960,2240,2240,1280,0.021722,0.024092
W3-C090489701-1A_tile_r01_c02.png,W3-C090489701-1A.pdf,pdf,300,3508,2481,1920,960,3200,2240,1280,0.03967,0.039739
W3-C090489701-1A_tile_r01_c03.png,W3-C090489701-1A.pdf,pdf,300,3508,2481,2228,960,3508,2240,1280,0.036276,0.033812
W3-C090489701-1A_tile_r02_c00.png,W3-C090489701-1A.pdf,pdf,300,3508,2481,0,1201,1280,2481,1280,0.041183,0.039526
W3-C090489701-1A_tile_r02_c01.png,W3-C090489701-1A.pdf,pdf,300,3508,2481,960,1201,2240,2481,1280,0.027695,0.03013
W3-C090489701-1A_tile_r02_c02.png,W3-C090489701-1A.pdf,pdf,300,3508,2481,1920,1201,3200,2481,1280,0.041757,0.044276
W3-C090489701-1A_tile_r02_c03.png,W3-C090489701-1A.pdf,pdf,300,3508,2481,2228,1201,3508,2481,1280,0.037506,0.03747
W3-C111258601-00_tile_r00_c00.png,W3-C111258601-00.pdf,pdf,300,4961,3508,0,0,1280,1280,1280,0.007509,0.005023
W3-C111258601-00_tile_r00_c01.png,W3-C111258601-00.pdf,pdf,300,4961,3508,960,0,2240,1280,1280,0.010156,0.00723
W3-C111258601-00_tile_r00_c02.png,W3-C111258601-00.pdf,pdf,300,4961,3508,1920,0,3200,1280,1280,0.004108,0.002797
W3-C111258601-00_tile_r00_c03.png,W3-C111258601-00.pdf,pdf,300,4961,3508,2880,0,4160,1280,1280,0.007468,0.005186
W3-C111258601-00_tile_r00_c04.png,W3-C111258601-00.pdf,pdf,300,4961,3508,3681,0,4961,1280,1280,0.011882,0.00817
W3-C111258601-00_tile_r01_c00.png,W3-C111258601-00.pdf,pdf,300,4961,3508,0,960,1280,2240,1280,0.028669,0.019525
W3-C111258601-00_tile_r01_c01.png,W3-C111258601-00.pdf,pdf,300,4961,3508,960,960,2240,2240,1280,0.023019,0.016891
W3-C111258601-00_tile_r01_c02.png,W3-C111258601-00.pdf,pdf,300,4961,3508,1920,960,3200,2240,1280,0.011216,0.006069
W3-C111258601-00_tile_r01_c03.png,W3-C111258601-00.pdf,pdf,300,4961,3508,2880,960,4160,2240,1280,0.052015,0.023323
W3-C111258601-00_tile_r01_c04.png,W3-C111258601-00.pdf,pdf,300,4961,3508,3681,960,4961,2240,1280,0.030623,0.016323
W3-C111258601-00_tile_r02_c00.png,W3-C111258601-00.pdf,pdf,300,4961,3508,0,1920,1280,3200,1280,0.060117,0.039622
W3-C111258601-00_tile_r02_c01.png,W3-C111258601-00.pdf,pdf,300,4961,3508,960,1920,2240,3200,1280,0.022679,0.014022
W3-C111258601-00_tile_r02_c02.png,W3-C111258601-00.pdf,pdf,300,4961,3508,1920,1920,3200,3200,1280,0.025131,0.015552
W3-C111258601-00_tile_r02_c03.png,W3-C111258601-00.pdf,pdf,300,4961,3508,2880,1920,4160,3200,1280,0.052457,0.03364
W3-C111258601-00_tile_r02_c04.png,W3-C111258601-00.pdf,pdf,300,4961,3508,3681,1920,4961,3200,1280,0.047911,0.031049
W3-C111258601-00_tile_r03_c00.png,W3-C111258601-00.pdf,pdf,300,4961,3508,0,2228,1280,3508,1280,0.065271,0.042885
W3-C111258601-00_tile_r03_c01.png,W3-C111258601-00.pdf,pdf,300,4961,3508,960,2228,2240,3508,1280,0.026906,0.016538
W3-C111258601-00_tile_r03_c02.png,W3-C111258601-00.pdf,pdf,300,4961,3508,1920,2228,3200,3508,1280,0.034274,0.021597
W3-C111258601-00_tile_r03_c03.png,W3-C111258601-00.pdf,pdf,300,4961,3508,2880,2228,4160,3508,1280,0.055046,0.035195
W3-C111258601-00_tile_r03_c04.png,W3-C111258601-00.pdf,pdf,300,4961,3508,3681,2228,4961,3508,1280,0.046375,0.029534
W3-C111260501-01_tile_r00_c00.png,W3-C111260501-01.pdf,pdf,300,4961,3508,0,0,1280,1280,1280,0.015402,0.01118
W3-C111260501-01_tile_r00_c01.png,W3-C111260501-01.pdf,pdf,300,4961,3508,960,0,2240,1280,1280,0.016321,0.012499
W3-C111260501-01_tile_r00_c02.png,W3-C111260501-01.pdf,pdf,300,4961,3508,1920,0,3200,1280,1280,0.011647,0.0091
W3-C111260501-01_tile_r00_c03.png,W3-C111260501-01.pdf,pdf,300,4961,3508,2880,0,4160,1280,1280,0.016621,0.012242
W3-C111260501-01_tile_r00_c04.png,W3-C111260501-01.pdf,pdf,300,4961,3508,3681,0,4961,1280,1280,0.017717,0.012148
W3-C111260501-01_tile_r01_c00.png,W3-C111260501-01.pdf,pdf,300,4961,3508,0,960,1280,2240,1280,0.034512,0.023957
W3-C111260501-01_tile_r01_c01.png,W3-C111260501-01.pdf,pdf,300,4961,3508,960,960,2240,2240,1280,0.033817,0.024377
W3-C111260501-01_tile_r01_c02.png,W3-C111260501-01.pdf,pdf,300,4961,3508,1920,960,3200,2240,1280,0.025551,0.017475
W3-C111260501-01_tile_r01_c03.png,W3-C111260501-01.pdf,pdf,300,4961,3508,2880,960,4160,2240,1280,0.037211,0.016765
W3-C111260501-01_tile_r01_c04.png,W3-C111260501-01.pdf,pdf,300,4961,3508,3681,960,4961,2240,1280,0.050021,0.016234
W3-C111260501-01_tile_r02_c00.png,W3-C111260501-01.pdf,pdf,300,4961,3508,0,1920,1280,3200,1280,0.054753,0.03637
W3-C111260501-01_tile_r02_c01.png,W3-C111260501-01.pdf,pdf,300,4961,3508,960,1920,2240,3200,1280,0.020783,0.01437
W3-C111260501-01_tile_r02_c02.png,W3-C111260501-01.pdf,pdf,300,4961,3508,1920,1920,3200,3200,1280,0.032531,0.021112
W3-C111260501-01_tile_r02_c03.png,W3-C111260501-01.pdf,pdf,300,4961,3508,2880,1920,4160,3200,1280,0.065957,0.036741
W3-C111260501-01_tile_r02_c04.png,W3-C111260501-01.pdf,pdf,300,4961,3508,3681,1920,4961,3200,1280,0.075575,0.035022
W3-C111260501-01_tile_r03_c00.png,W3-C111260501-01.pdf,pdf,300,4961,3508,0,2228,1280,3508,1280,0.063328,0.041755
W3-C111260501-01_tile_r03_c01.png,W3-C111260501-01.pdf,pdf,300,4961,3508,960,2228,2240,3508,1280,0.029155,0.019133
W3-C111260501-01_tile_r03_c02.png,W3-C111260501-01.pdf,pdf,300,4961,3508,1920,2228,3200,3508,1280,0.03937,0.025599
W3-C111260501-01_tile_r03_c03.png,W3-C111260501-01.pdf,pdf,300,4961,3508,2880,2228,4160,3508,1280,0.056993,0.036493
W3-C111260501-01_tile_r03_c04.png,W3-C111260501-01.pdf,pdf,300,4961,3508,3681,2228,4961,3508,1280,0.045149,0.028459
W3-C111260901-0B_tile_r00_c00.png,W3-C111260901-0B.pdf,pdf,300,3508,2481,0,0,1280,1280,1280,0.014074,0.018783
W3-C111260901-0B_tile_r00_c01.png,W3-C111260901-0B.pdf,pdf,300,3508,2481,960,0,2240,1280,1280,0.021027,0.027572
W3-C111260901-0B_tile_r00_c02.png,W3-C111260901-0B.pdf,pdf,300,3508,2481,1920,0,3200,1280,1280,0.116607,0.024036
W3-C111260901-0B_tile_r00_c03.png,W3-C111260901-0B.pdf,pdf,300,3508,2481,2228,0,3508,1280,1280,0.115706,0.024264
W3-C111260901-0B_tile_r01_c00.png,W3-C111260901-0B.pdf,pdf,300,3508,2481,0,960,1280,2240,1280,0.024567,0.033087
W3-C111260901-0B_tile_r01_c01.png,W3-C111260901-0B.pdf,pdf,300,3508,2481,960,960,2240,2240,1280,0.024474,0.03204
W3-C111260901-0B_tile_r01_c02.png,W3-C111260901-0B.pdf,pdf,300,3508,2481,1920,960,3200,2240,1280,0.036954,0.039626
W3-C111260901-0B_tile_r01_c03.png,W3-C111260901-0B.pdf,pdf,300,3508,2481,2228,960,3508,2240,1280,0.035621,0.040001
W3-C111260901-0B_tile_r02_c00.png,W3-C111260901-0B.pdf,pdf,300,3508,2481,0,1201,1280,2481,1280,0.033402,0.04353
W3-C111260901-0B_tile_r02_c01.png,W3-C111260901-0B.pdf,pdf,300,3508,2481,960,1201,2240,2481,1280,0.022225,0.029336
W3-C111260901-0B_tile_r02_c02.png,W3-C111260901-0B.pdf,pdf,300,3508,2481,1920,1201,3200,2481,1280,0.028759,0.037311
W3-C111260901-0B_tile_r02_c03.png,W3-C111260901-0B.pdf,pdf,300,3508,2481,2228,1201,3508,2481,1280,0.029499,0.03955
W3-C111262301-00_tile_r00_c00.png,W3-C111262301-00.pdf,pdf,300,4961,3508,0,0,1280,1280,1280,0.008821,0.005865
W3-C111262301-00_tile_r00_c01.png,W3-C111262301-00.pdf,pdf,300,4961,3508,960,0,2240,1280,1280,0.022848,0.014567
W3-C111262301-00_tile_r00_c02.png,W3-C111262301-00.pdf,pdf,300,4961,3508,1920,0,3200,1280,1280,0.008785,0.006068
W3-C111262301-00_tile_r00_c03.png,W3-C111262301-00.pdf,pdf,300,4961,3508,2880,0,4160,1280,1280,0.00694,0.004767
W3-C111262301-00_tile_r00_c04.png,W3-C111262301-00.pdf,pdf,300,4961,3508,3681,0,4961,1280,1280,0.004484,0.002941
W3-C111262301-00_tile_r01_c00.png,W3-C111262301-00.pdf,pdf,300,4961,3508,0,960,1280,2240,1280,0.025768,0.017598
W3-C111262301-00_tile_r01_c01.png,W3-C111262301-00.pdf,pdf,300,4961,3508,960,960,2240,2240,1280,0.027902,0.018517
W3-C111262301-00_tile_r01_c02.png,W3-C111262301-00.pdf,pdf,300,4961,3508,1920,960,3200,2240,1280,0.014853,0.010498
W3-C111262301-00_tile_r01_c03.png,W3-C111262301-00.pdf,pdf,300,4961,3508,2880,960,4160,2240,1280,0.032352,0.016459
W3-C111262301-00_tile_r01_c04.png,W3-C111262301-00.pdf,pdf,300,4961,3508,3681,960,4961,2240,1280,0.037922,0.020314
W3-C111262301-00_tile_r02_c00.png,W3-C111262301-00.pdf,pdf,300,4961,3508,0,1920,1280,3200,1280,0.056589,0.038
W3-C111262301-00_tile_r02_c01.png,W3-C111262301-00.pdf,pdf,300,4961,3508,960,1920,2240,3200,1280,0.019694,0.013455
W3-C111262301-00_tile_r02_c02.png,W3-C111262301-00.pdf,pdf,300,4961,3508,1920,1920,3200,3200,1280,0.032859,0.021212
W3-C111262301-00_tile_r02_c03.png,W3-C111262301-00.pdf,pdf,300,4961,3508,2880,1920,4160,3200,1280,0.052648,0.032997
W3-C111262301-00_tile_r02_c04.png,W3-C111262301-00.pdf,pdf,300,4961,3508,3681,1920,4961,3200,1280,0.046982,0.03001
W3-C111262301-00_tile_r03_c00.png,W3-C111262301-00.pdf,pdf,300,4961,3508,0,2228,1280,3508,1280,0.064293,0.04273
W3-C111262301-00_tile_r03_c01.png,W3-C111262301-00.pdf,pdf,300,4961,3508,960,2228,2240,3508,1280,0.026306,0.017
W3-C111262301-00_tile_r03_c02.png,W3-C111262301-00.pdf,pdf,300,4961,3508,1920,2228,3200,3508,1280,0.034707,0.022186
W3-C111262301-00_tile_r03_c03.png,W3-C111262301-00.pdf,pdf,300,4961,3508,2880,2228,4160,3508,1280,0.053531,0.033997
W3-C111262301-00_tile_r03_c04.png,W3-C111262301-00.pdf,pdf,300,4961,3508,3681,2228,4961,3508,1280,0.044103,0.02766
W3-C111262601-02_tile_r00_c00.png,W3-C111262601-02.pdf,pdf,300,3509,2480,0,0,1280,1280,1280,0.015517,0.016328
W3-C111262601-02_tile_r00_c01.png,W3-C111262601-02.pdf,pdf,300,3509,2480,960,0,2240,1280,1280,0.025789,0.029651
W3-C111262601-02_tile_r00_c02.png,W3-C111262601-02.pdf,pdf,300,3509,2480,1920,0,3200,1280,1280,0.034529,0.01929
W3-C111262601-02_tile_r00_c03.png,W3-C111262601-02.pdf,pdf,300,3509,2480,2229,0,3509,1280,1280,0.032479,0.016189
W3-C111262601-02_tile_r01_c00.png,W3-C111262601-02.pdf,pdf,300,3509,2480,0,960,1280,2240,1280,0.045765,0.044715
W3-C111262601-02_tile_r01_c01.png,W3-C111262601-02.pdf,pdf,300,3509,2480,960,960,2240,2240,1280,0.051112,0.048554
W3-C111262601-02_tile_r01_c02.png,W3-C111262601-02.pdf,pdf,300,3509,2480,1920,960,3200,2240,1280,0.039081,0.040976
W3-C111262601-02_tile_r01_c03.png,W3-C111262601-02.pdf,pdf,300,3509,2480,2229,960,3509,2240,1280,0.032645,0.035439
W3-C111262601-02_tile_r02_c00.png,W3-C111262601-02.pdf,pdf,300,3509,2480,0,1200,1280,2480,1280,0.053683,0.054435
W3-C111262601-02_tile_r02_c01.png,W3-C111262601-02.pdf,pdf,300,3509,2480,960,1200,2240,2480,1280,0.053209,0.050818
W3-C111262601-02_tile_r02_c02.png,W3-C111262601-02.pdf,pdf,300,3509,2480,1920,1200,3200,2480,1280,0.043435,0.045223
W3-C111262601-02_tile_r02_c03.png,W3-C111262601-02.pdf,pdf,300,3509,2480,2229,1200,3509,2480,1280,0.036552,0.039255
W3-C111262701-01_tile_r00_c00.png,W3-C111262701-01.pdf,pdf,300,3509,2480,0,0,1280,1280,1280,0.024392,0.025439
W3-C111262701-01_tile_r00_c01.png,W3-C111262701-01.pdf,pdf,300,3509,2480,960,0,2240,1280,1280,0.021465,0.024208
W3-C111262701-01_tile_r00_c02.png,W3-C111262701-01.pdf,pdf,300,3509,2480,1920,0,3200,1280,1280,0.109426,0.022336
W3-C111262701-01_tile_r00_c03.png,W3-C111262701-01.pdf,pdf,300,3509,2480,2229,0,3509,1280,1280,0.111265,0.021134
W3-C111262701-01_tile_r01_c00.png,W3-C111262701-01.pdf,pdf,300,3509,2480,0,960,1280,2240,1280,0.064607,0.058312
W3-C111262701-01_tile_r01_c01.png,W3-C111262701-01.pdf,pdf,300,3509,2480,960,960,2240,2240,1280,0.032746,0.03588
W3-C111262701-01_tile_r01_c02.png,W3-C111262701-01.pdf,pdf,300,3509,2480,1920,960,3200,2240,1280,0.055038,0.042089
W3-C111262701-01_tile_r01_c03.png,W3-C111262701-01.pdf,pdf,300,3509,2480,2229,960,3509,2240,1280,0.05134,0.035665
W3-C111262701-01_tile_r02_c00.png,W3-C111262701-01.pdf,pdf,300,3509,2480,0,1200,1280,2480,1280,0.065218,0.056733
W3-C111262701-01_tile_r02_c01.png,W3-C111262701-01.pdf,pdf,300,3509,2480,960,1200,2240,2480,1280,0.034359,0.03543
W3-C111262701-01_tile_r02_c02.png,W3-C111262701-01.pdf,pdf,300,3509,2480,1920,1200,3200,2480,1280,0.039397,0.042346
W3-C111262701-01_tile_r02_c03.png,W3-C111262701-01.pdf,pdf,300,3509,2480,2229,1200,3509,2480,1280,0.034796,0.035638
W3-C111262801-2A_tile_r00_c00.png,W3-C111262801-2A.pdf,pdf,300,3509,2480,0,0,1280,1280,1280,0.021393,0.021561
W3-C111262801-2A_tile_r00_c01.png,W3-C111262801-2A.pdf,pdf,300,3509,2480,960,0,2240,1280,1280,0.037141,0.038967
W3-C111262801-2A_tile_r00_c02.png,W3-C111262801-2A.pdf,pdf,300,3509,2480,1920,0,3200,1280,1280,0.033532,0.031174
W3-C111262801-2A_tile_r00_c03.png,W3-C111262801-2A.pdf,pdf,300,3509,2480,2229,0,3509,1280,1280,0.044445,0.025413
W3-C111262801-2A_tile_r01_c00.png,W3-C111262801-2A.pdf,pdf,300,3509,2480,0,960,1280,2240,1280,0.050507,0.051564
W3-C111262801-2A_tile_r01_c01.png,W3-C111262801-2A.pdf,pdf,300,3509,2480,960,960,2240,2240,1280,0.033872,0.040528
W3-C111262801-2A_tile_r01_c02.png,W3-C111262801-2A.pdf,pdf,300,3509,2480,1920,960,3200,2240,1280,0.041591,0.047445
W3-C111262801-2A_tile_r01_c03.png,W3-C111262801-2A.pdf,pdf,300,3509,2480,2229,960,3509,2240,1280,0.03774,0.041995
W3-C111262801-2A_tile_r02_c00.png,W3-C111262801-2A.pdf,pdf,300,3509,2480,0,1200,1280,2480,1280,0.057183,0.059954
W3-C111262801-2A_tile_r02_c01.png,W3-C111262801-2A.pdf,pdf,300,3509,2480,960,1200,2240,2480,1280,0.035356,0.042867
W3-C111262801-2A_tile_r02_c02.png,W3-C111262801-2A.pdf,pdf,300,3509,2480,1920,1200,3200,2480,1280,0.04308,0.048882
W3-C111262801-2A_tile_r02_c03.png,W3-C111262801-2A.pdf,pdf,300,3509,2480,2229,1200,3509,2480,1280,0.038992,0.043151
W3-C111262901-0B_tile_r00_c00.png,W3-C111262901-0B.pdf,pdf,300,3508,2481,0,0,1280,1280,1280,0.058256,0.042276
W3-C111262901-0B_tile_r00_c01.png,W3-C111262901-0B.pdf,pdf,300,3508,2481,960,0,2240,1280,1280,0.075154,0.054693
W3-C111262901-0B_tile_r00_c02.png,W3-C111262901-0B.pdf,pdf,300,3508,2481,1920,0,3200,1280,1280,0.054979,0.031631
W3-C111262901-0B_tile_r00_c03.png,W3-C111262901-0B.pdf,pdf,300,3508,2481,2228,0,3508,1280,1280,0.056678,0.032016
W3-C111262901-0B_tile_r01_c00.png,W3-C111262901-0B.pdf,pdf,300,3508,2481,0,960,1280,2240,1280,0.057583,0.041222
W3-C111262901-0B_tile_r01_c01.png,W3-C111262901-0B.pdf,pdf,300,3508,2481,960,960,2240,2240,1280,0.073323,0.051812
W3-C111262901-0B_tile_r01_c02.png,W3-C111262901-0B.pdf,pdf,300,3508,2481,1920,960,3200,2240,1280,0.077703,0.060068
W3-C111262901-0B_tile_r01_c03.png,W3-C111262901-0B.pdf,pdf,300,3508,2481,2228,960,3508,2240,1280,0.079926,0.064634
W3-C111262901-0B_tile_r02_c00.png,W3-C111262901-0B.pdf,pdf,300,3508,2481,0,1201,1280,2481,1280,0.078702,0.049239
W3-C111262901-0B_tile_r02_c01.png,W3-C111262901-0B.pdf,pdf,300,3508,2481,960,1201,2240,2481,1280,0.073714,0.050783
W3-C111262901-0B_tile_r02_c02.png,W3-C111262901-0B.pdf,pdf,300,3508,2481,1920,1201,3200,2481,1280,0.079072,0.06184
W3-C111262901-0B_tile_r02_c03.png,W3-C111262901-0B.pdf,pdf,300,3508,2481,2228,1201,3508,2481,1280,0.08438,0.068184
W3-C111263001-1A_tile_r00_c00.png,W3-C111263001-1A.pdf,pdf,300,3509,2481,0,0,1280,1280,1280,0.004651,0.005998
W3-C111263001-1A_tile_r00_c01.png,W3-C111263001-1A.pdf,pdf,300,3509,2481,960,0,2240,1280,1280,0.030325,0.036805
W3-C111263001-1A_tile_r00_c02.png,W3-C111263001-1A.pdf,pdf,300,3509,2481,1920,0,3200,1280,1280,0.074363,0.031917
W3-C111263001-1A_tile_r00_c03.png,W3-C111263001-1A.pdf,pdf,300,3509,2481,2229,0,3509,1280,1280,0.071627,0.023605
W3-C111263001-1A_tile_r01_c00.png,W3-C111263001-1A.pdf,pdf,300,3509,2481,0,960,1280,2240,1280,0.019844,0.025925
W3-C111263001-1A_tile_r01_c01.png,W3-C111263001-1A.pdf,pdf,300,3509,2481,960,960,2240,2240,1280,0.027549,0.032404
W3-C111263001-1A_tile_r01_c02.png,W3-C111263001-1A.pdf,pdf,300,3509,2481,1920,960,3200,2240,1280,0.039344,0.044995
W3-C111263001-1A_tile_r01_c03.png,W3-C111263001-1A.pdf,pdf,300,3509,2481,2229,960,3509,2240,1280,0.037589,0.041905
W3-C111263001-1A_tile_r02_c00.png,W3-C111263001-1A.pdf,pdf,300,3509,2481,0,1201,1280,2481,1280,0.031605,0.041362
W3-C111263001-1A_tile_r02_c01.png,W3-C111263001-1A.pdf,pdf,300,3509,2481,960,1201,2240,2481,1280,0.030558,0.036701
W3-C111263001-1A_tile_r02_c02.png,W3-C111263001-1A.pdf,pdf,300,3509,2481,1920,1201,3200,2481,1280,0.044518,0.052406
W3-C111263001-1A_tile_r02_c03.png,W3-C111263001-1A.pdf,pdf,300,3509,2481,2229,1201,3509,2481,1280,0.042883,0.04965
W3-C111263401-00_tile_r00_c00.png,W3-C111263401-00.pdf,pdf,300,3509,2480,0,0,1280,1280,1280,0.016914,0.014498
W3-C111263401-00_tile_r00_c01.png,W3-C111263401-00.pdf,pdf,300,3509,2480,960,0,2240,1280,1280,0.007853,0.006401
W3-C111263401-00_tile_r00_c02.png,W3-C111263401-00.pdf,pdf,300,3509,2480,1920,0,3200,1280,1280,0.016044,0.010417
W3-C111263401-00_tile_r00_c03.png,W3-C111263401-00.pdf,pdf,300,3509,2480,2229,0,3509,1280,1280,0.017072,0.012087
W3-C111263401-00_tile_r01_c00.png,W3-C111263401-00.pdf,pdf,300,3509,2480,0,960,1280,2240,1280,0.047457,0.040701
W3-C111263401-00_tile_r01_c01.png,W3-C111263401-00.pdf,pdf,300,3509,2480,960,960,2240,2240,1280,0.025225,0.020574
W3-C111263401-00_tile_r01_c02.png,W3-C111263401-00.pdf,pdf,300,3509,2480,1920,960,3200,2240,1280,0.051259,0.038336
W3-C111263401-00_tile_r01_c03.png,W3-C111263401-00.pdf,pdf,300,3509,2480,2229,960,3509,2240,1280,0.049332,0.03704
W3-C111263401-00_tile_r02_c00.png,W3-C111263401-00.pdf,pdf,300,3509,2480,0,1200,1280,2480,1280,0.053013,0.045414
W3-C111263401-00_tile_r02_c01.png,W3-C111263401-00.pdf,pdf,300,3509,2480,960,1200,2240,2480,1280,0.032097,0.025468
W3-C111263401-00_tile_r02_c02.png,W3-C111263401-00.pdf,pdf,300,3509,2480,1920,1200,3200,2480,1280,0.054564,0.041852
W3-C111263401-00_tile_r02_c03.png,W3-C111263401-00.pdf,pdf,300,3509,2480,2229,1200,3509,2480,1280,0.051071,0.039395
W3-C111263601-00_tile_r00_c00.png,W3-C111263601-00.pdf,pdf,300,3509,2480,0,0,1280,1280,1280,0.036618,0.027134
W3-C111263601-00_tile_r00_c01.png,W3-C111263601-00.pdf,pdf,300,3509,2480,960,0,2240,1280,1280,0.025207,0.019789
W3-C111263601-00_tile_r00_c02.png,W3-C111263601-00.pdf,pdf,300,3509,2480,1920,0,3200,1280,1280,0.026121,0.015701
W3-C111263601-00_tile_r00_c03.png,W3-C111263601-00.pdf,pdf,300,3509,2480,2229,0,3509,1280,1280,0.027578,0.016856
W3-C111263601-00_tile_r01_c00.png,W3-C111263601-00.pdf,pdf,300,3509,2480,0,960,1280,2240,1280,0.067444,0.044589
W3-C111263601-00_tile_r01_c01.png,W3-C111263601-00.pdf,pdf,300,3509,2480,960,960,2240,2240,1280,0.03188,0.021337
W3-C111263601-00_tile_r01_c02.png,W3-C111263601-00.pdf,pdf,300,3509,2480,1920,960,3200,2240,1280,0.057326,0.036986
W3-C111263601-00_tile_r01_c03.png,W3-C111263601-00.pdf,pdf,300,3509,2480,2229,960,3509,2240,1280,0.054034,0.034606
W3-C111263601-00_tile_r02_c00.png,W3-C111263601-00.pdf,pdf,300,3509,2480,0,1200,1280,2480,1280,0.070207,0.045603
W3-C111263601-00_tile_r02_c01.png,W3-C111263601-00.pdf,pdf,300,3509,2480,960,1200,2240,2480,1280,0.036953,0.023416
W3-C111263601-00_tile_r02_c02.png,W3-C111263601-00.pdf,pdf,300,3509,2480,1920,1200,3200,2480,1280,0.059121,0.038956
W3-C111263601-00_tile_r02_c03.png,W3-C111263601-00.pdf,pdf,300,3509,2480,2229,1200,3509,2480,1280,0.054014,0.035349
W3-C111263701-00_tile_r00_c00.png,W3-C111263701-00.pdf,pdf,300,3509,2480,0,0,1280,1280,1280,0.018189,0.012676
W3-C111263701-00_tile_r00_c01.png,W3-C111263701-00.pdf,pdf,300,3509,2480,960,0,2240,1280,1280,0.007175,0.005114
W3-C111263701-00_tile_r00_c02.png,W3-C111263701-00.pdf,pdf,300,3509,2480,1920,0,3200,1280,1280,0.017131,0.010667
W3-C111263701-00_tile_r00_c03.png,W3-C111263701-00.pdf,pdf,300,3509,2480,2229,0,3509,1280,1280,0.019648,0.012354
W3-C111263701-00_tile_r01_c00.png,W3-C111263701-00.pdf,pdf,300,3509,2480,0,960,1280,2240,1280,0.057222,0.03702
W3-C111263701-00_tile_r01_c01.png,W3-C111263701-00.pdf,pdf,300,3509,2480,960,960,2240,2240,1280,0.024189,0.015346
W3-C111263701-00_tile_r01_c02.png,W3-C111263701-00.pdf,pdf,300,3509,2480,1920,960,3200,2240,1280,0.056008,0.03652
W3-C111263701-00_tile_r01_c03.png,W3-C111263701-00.pdf,pdf,300,3509,2480,2229,960,3509,2240,1280,0.053896,0.034476
W3-C111263701-00_tile_r02_c00.png,W3-C111263701-00.pdf,pdf,300,3509,2480,0,1200,1280,2480,1280,0.065607,0.042916
W3-C111263701-00_tile_r02_c01.png,W3-C111263701-00.pdf,pdf,300,3509,2480,960,1200,2240,2480,1280,0.033279,0.021227
W3-C111263701-00_tile_r02_c02.png,W3-C111263701-00.pdf,pdf,300,3509,2480,1920,1200,3200,2480,1280,0.05925,0.039393
W3-C111263701-00_tile_r02_c03.png,W3-C111263701-00.pdf,pdf,300,3509,2480,2229,1200,3509,2480,1280,0.055306,0.036099
W3-C111263801-00_tile_r00_c00.png,W3-C111263801-00.pdf,pdf,300,3509,2480,0,0,1280,1280,1280,0.014591,0.01377
W3-C111263801-00_tile_r00_c01.png,W3-C111263801-00.pdf,pdf,300,3509,2480,960,0,2240,1280,1280,0.008197,0.008301
W3-C111263801-00_tile_r00_c02.png,W3-C111263801-00.pdf,pdf,300,3509,2480,1920,0,3200,1280,1280,0.020948,0.013325
W3-C111263801-00_tile_r00_c03.png,W3-C111263801-00.pdf,pdf,300,3509,2480,2229,0,3509,1280,1280,0.02267,0.015401
W3-C111263801-00_tile_r01_c00.png,W3-C111263801-00.pdf,pdf,300,3509,2480,0,960,1280,2240,1280,0.041349,0.035801
W3-C111263801-00_tile_r01_c01.png,W3-C111263801-00.pdf,pdf,300,3509,2480,960,960,2240,2240,1280,0.025664,0.020483
W3-C111263801-00_tile_r01_c02.png,W3-C111263801-00.pdf,pdf,300,3509,2480,1920,960,3200,2240,1280,0.054045,0.040173
W3-C111263801-00_tile_r01_c03.png,W3-C111263801-00.pdf,pdf,300,3509,2480,2229,960,3509,2240,1280,0.050021,0.037576
W3-C111263801-00_tile_r02_c00.png,W3-C111263801-00.pdf,pdf,300,3509,2480,0,1200,1280,2480,1280,0.047983,0.041537
W3-C111263801-00_tile_r02_c01.png,W3-C111263801-00.pdf,pdf,300,3509,2480,960,1200,2240,2480,1280,0.033163,0.026008
W3-C111263801-00_tile_r02_c02.png,W3-C111263801-00.pdf,pdf,300,3509,2480,1920,1200,3200,2480,1280,0.052798,0.040991
W3-C111263801-00_tile_r02_c03.png,W3-C111263801-00.pdf,pdf,300,3509,2480,2229,1200,3509,2480,1280,0.047025,0.037104
W3-C111264201-02_tile_r00_c00.png,W3-C111264201-02.pdf,pdf,300,3509,2481,0,0,1280,1280,1280,0.01727,0.019633
W3-C111264201-02_tile_r00_c01.png,W3-C111264201-02.pdf,pdf,300,3509,2481,960,0,2240,1280,1280,0.013785,0.01554
W3-C111264201-02_tile_r00_c02.png,W3-C111264201-02.pdf,pdf,300,3509,2481,1920,0,3200,1280,1280,0.015141,0.015047
W3-C111264201-02_tile_r00_c03.png,W3-C111264201-02.pdf,pdf,300,3509,2481,2229,0,3509,1280,1280,0.015146,0.014177
W3-C111264201-02_tile_r01_c00.png,W3-C111264201-02.pdf,pdf,300,3509,2481,0,960,1280,2240,1280,0.042734,0.046464
W3-C111264201-02_tile_r01_c01.png,W3-C111264201-02.pdf,pdf,300,3509,2481,960,960,2240,2240,1280,0.0252,0.026522
W3-C111264201-02_tile_r01_c02.png,W3-C111264201-02.pdf,pdf,300,3509,2481,1920,960,3200,2240,1280,0.038175,0.03491
W3-C111264201-02_tile_r01_c03.png,W3-C111264201-02.pdf,pdf,300,3509,2481,2229,960,3509,2240,1280,0.0368,0.032612
W3-C111264201-02_tile_r02_c00.png,W3-C111264201-02.pdf,pdf,300,3509,2481,0,1201,1280,2481,1280,0.046388,0.050982
W3-C111264201-02_tile_r02_c01.png,W3-C111264201-02.pdf,pdf,300,3509,2481,960,1201,2240,2481,1280,0.03033,0.032946
W3-C111264201-02_tile_r02_c02.png,W3-C111264201-02.pdf,pdf,300,3509,2481,1920,1201,3200,2481,1280,0.038777,0.037174
W3-C111264201-02_tile_r02_c03.png,W3-C111264201-02.pdf,pdf,300,3509,2481,2229,1201,3509,2481,1280,0.036268,0.034202
W3-C111264701-01_tile_r00_c00.png,W3-C111264701-01.pdf,pdf,300,4961,3508,0,0,1280,1280,1280,0.008185,0.00571
W3-C111264701-01_tile_r00_c01.png,W3-C111264701-01.pdf,pdf,300,4961,3508,960,0,2240,1280,1280,0.007762,0.005706
W3-C111264701-01_tile_r00_c02.png,W3-C111264701-01.pdf,pdf,300,4961,3508,1920,0,3200,1280,1280,0.007468,0.005267
W3-C111264701-01_tile_r00_c03.png,W3-C111264701-01.pdf,pdf,300,4961,3508,2880,0,4160,1280,1280,0.006735,0.004781
W3-C111264701-01_tile_r00_c04.png,W3-C111264701-01.pdf,pdf,300,4961,3508,3681,0,4961,1280,1280,0.0094,0.0064
W3-C111264701-01_tile_r01_c00.png,W3-C111264701-01.pdf,pdf,300,4961,3508,0,960,1280,2240,1280,0.034982,0.024196
W3-C111264701-01_tile_r01_c01.png,W3-C111264701-01.pdf,pdf,300,4961,3508,960,960,2240,2240,1280,0.034315,0.018582
W3-C111264701-01_tile_r01_c02.png,W3-C111264701-01.pdf,pdf,300,4961,3508,1920,960,3200,2240,1280,0.021063,0.00907
W3-C111264701-01_tile_r01_c03.png,W3-C111264701-01.pdf,pdf,300,4961,3508,2880,960,4160,2240,1280,0.014431,0.006886
W3-C111264701-01_tile_r01_c04.png,W3-C111264701-01.pdf,pdf,300,4961,3508,3681,960,4961,2240,1280,0.023071,0.008196
W3-C111264701-01_tile_r02_c00.png,W3-C111264701-01.pdf,pdf,300,4961,3508,0,1920,1280,3200,1280,0.055823,0.037305
W3-C111264701-01_tile_r02_c01.png,W3-C111264701-01.pdf,pdf,300,4961,3508,960,1920,2240,3200,1280,0.032454,0.016584
W3-C111264701-01_tile_r02_c02.png,W3-C111264701-01.pdf,pdf,300,4961,3508,1920,1920,3200,3200,1280,0.038112,0.019631
W3-C111264701-01_tile_r02_c03.png,W3-C111264701-01.pdf,pdf,300,4961,3508,2880,1920,4160,3200,1280,0.056221,0.032809
W3-C111264701-01_tile_r02_c04.png,W3-C111264701-01.pdf,pdf,300,4961,3508,3681,1920,4961,3200,1280,0.059871,0.031014
W3-C111264701-01_tile_r03_c00.png,W3-C111264701-01.pdf,pdf,300,4961,3508,0,2228,1280,3508,1280,0.063348,0.04208
W3-C111264701-01_tile_r03_c01.png,W3-C111264701-01.pdf,pdf,300,4961,3508,960,2228,2240,3508,1280,0.027435,0.017478
W3-C111264701-01_tile_r03_c02.png,W3-C111264701-01.pdf,pdf,300,4961,3508,1920,2228,3200,3508,1280,0.036829,0.023394
W3-C111264701-01_tile_r03_c03.png,W3-C111264701-01.pdf,pdf,300,4961,3508,2880,2228,4160,3508,1280,0.053697,0.03408
W3-C111264701-01_tile_r03_c04.png,W3-C111264701-01.pdf,pdf,300,4961,3508,3681,2228,4961,3508,1280,0.044879,0.028221
W3-C111264901-00_tile_r00_c00.png,W3-C111264901-00.pdf,pdf,300,4961,3508,0,0,1280,1280,1280,0.017543,0.012332
W3-C111264901-00_tile_r00_c01.png,W3-C111264901-00.pdf,pdf,300,4961,3508,960,0,2240,1280,1280,0.02701,0.019506
W3-C111264901-00_tile_r00_c02.png,W3-C111264901-00.pdf,pdf,300,4961,3508,1920,0,3200,1280,1280,0.024034,0.014682
W3-C111264901-00_tile_r00_c03.png,W3-C111264901-00.pdf,pdf,300,4961,3508,2880,0,4160,1280,1280,0.036992,0.010994
W3-C111264901-00_tile_r00_c04.png,W3-C111264901-00.pdf,pdf,300,4961,3508,3681,0,4961,1280,1280,0.031781,0.009643
W3-C111264901-00_tile_r01_c00.png,W3-C111264901-00.pdf,pdf,300,4961,3508,0,960,1280,2240,1280,0.031611,0.021053
W3-C111264901-00_tile_r01_c01.png,W3-C111264901-00.pdf,pdf,300,4961,3508,960,960,2240,2240,1280,0.028973,0.020458
W3-C111264901-00_tile_r01_c02.png,W3-C111264901-00.pdf,pdf,300,4961,3508,1920,960,3200,2240,1280,0.039807,0.023983
W3-C111264901-00_tile_r01_c03.png,W3-C111264901-00.pdf,pdf,300,4961,3508,2880,960,4160,2240,1280,0.065078,0.033253
W3-C111264901-00_tile_r01_c04.png,W3-C111264901-00.pdf,pdf,300,4961,3508,3681,960,4961,2240,1280,0.060609,0.031166
W3-C111264901-00_tile_r02_c00.png,W3-C111264901-00.pdf,pdf,300,4961,3508,0,1920,1280,3200,1280,0.06767,0.044177
W3-C111264901-00_tile_r02_c01.png,W3-C111264901-00.pdf,pdf,300,4961,3508,960,1920,2240,3200,1280,0.045186,0.028543
W3-C111264901-00_tile_r02_c02.png,W3-C111264901-00.pdf,pdf,300,4961,3508,1920,1920,3200,3200,1280,0.041794,0.026446
W3-C111264901-00_tile_r02_c03.png,W3-C111264901-00.pdf,pdf,300,4961,3508,2880,1920,4160,3200,1280,0.058787,0.038549
W3-C111264901-00_tile_r02_c04.png,W3-C111264901-00.pdf,pdf,300,4961,3508,3681,1920,4961,3200,1280,0.055388,0.036865
W3-C111264901-00_tile_r03_c00.png,W3-C111264901-00.pdf,pdf,300,4961,3508,0,2228,1280,3508,1280,0.073034,0.04747
W3-C111264901-00_tile_r03_c01.png,W3-C111264901-00.pdf,pdf,300,4961,3508,960,2228,2240,3508,1280,0.048088,0.029807
W3-C111264901-00_tile_r03_c02.png,W3-C111264901-00.pdf,pdf,300,4961,3508,1920,2228,3200,3508,1280,0.045239,0.028347
W3-C111264901-00_tile_r03_c03.png,W3-C111264901-00.pdf,pdf,300,4961,3508,2880,2228,4160,3508,1280,0.055767,0.035828
W3-C111264901-00_tile_r03_c04.png,W3-C111264901-00.pdf,pdf,300,4961,3508,3681,2228,4961,3508,1280,0.049604,0.032023
W3-C111265401-00_tile_r00_c00.png,W3-C111265401-00.pdf,pdf,300,7016,4961,0,0,1280,1280,1280,0.009564,0.004922
W3-C111265401-00_tile_r00_c01.png,W3-C111265401-00.pdf,pdf,300,7016,4961,960,0,2240,1280,1280,0.017845,0.012499
W3-C111265401-00_tile_r00_c02.png,W3-C111265401-00.pdf,pdf,300,7016,4961,1920,0,3200,1280,1280,0.032401,0.021072
W3-C111265401-00_tile_r00_c03.png,W3-C111265401-00.pdf,pdf,300,7016,4961,2880,0,4160,1280,1280,0.025348,0.017418
W3-C111265401-00_tile_r00_c04.png,W3-C111265401-00.pdf,pdf,300,7016,4961,3840,0,5120,1280,1280,0.029029,0.018506
W3-C111265401-00_tile_r00_c05.png,W3-C111265401-00.pdf,pdf,300,7016,4961,4800,0,6080,1280,1280,0.037433,0.017346
W3-C111265401-00_tile_r00_c06.png,W3-C111265401-00.pdf,pdf,300,7016,4961,5736,0,7016,1280,1280,0.013865,0.008406
W3-C111265401-00_tile_r01_c00.png,W3-C111265401-00.pdf,pdf,300,7016,4961,0,960,1280,2240,1280,0.011212,0.007419
W3-C111265401-00_tile_r01_c01.png,W3-C111265401-00.pdf,pdf,300,7016,4961,960,960,2240,2240,1280,0.023337,0.016453
W3-C111265401-00_tile_r01_c02.png,W3-C111265401-00.pdf,pdf,300,7016,4961,1920,960,3200,2240,1280,0.012535,0.0097
W3-C111265401-00_tile_r01_c03.png,W3-C111265401-00.pdf,pdf,300,7016,4961,2880,960,4160,2240,1280,0.012847,0.009985
W3-C111265401-00_tile_r01_c04.png,W3-C111265401-00.pdf,pdf,300,7016,4961,3840,960,5120,2240,1280,0.019389,0.013452
W3-C111265401-00_tile_r01_c05.png,W3-C111265401-00.pdf,pdf,300,7016,4961,4800,960,6080,2240,1280,0.022581,0.013959
W3-C111265401-00_tile_r01_c06.png,W3-C111265401-00.pdf,pdf,300,7016,4961,5736,960,7016,2240,1280,0.019098,0.009061
W3-C111265401-00_tile_r02_c00.png,W3-C111265401-00.pdf,pdf,300,7016,4961,0,1920,1280,3200,1280,0.035147,0.02281
W3-C111265401-00_tile_r02_c01.png,W3-C111265401-00.pdf,pdf,300,7016,4961,960,1920,2240,3200,1280,0.053295,0.035994
W3-C111265401-00_tile_r02_c02.png,W3-C111265401-00.pdf,pdf,300,7016,4961,1920,1920,3200,3200,1280,0.021141,0.012406
W3-C111265401-00_tile_r02_c03.png,W3-C111265401-00.pdf,pdf,300,7016,4961,2880,1920,4160,3200,1280,0.009439,0.006642
W3-C111265401-00_tile_r02_c04.png,W3-C111265401-00.pdf,pdf,300,7016,4961,3840,1920,5120,3200,1280,0.009877,0.006649
W3-C111265401-00_tile_r02_c05.png,W3-C111265401-00.pdf,pdf,300,7016,4961,4800,1920,6080,3200,1280,0.023947,0.015057
W3-C111265401-00_tile_r02_c06.png,W3-C111265401-00.pdf,pdf,300,7016,4961,5736,1920,7016,3200,1280,0.022516,0.013791
W3-C111265401-00_tile_r03_c00.png,W3-C111265401-00.pdf,pdf,300,7016,4961,0,2880,1280,4160,1280,0.03046,0.020095
W3-C111265401-00_tile_r03_c01.png,W3-C111265401-00.pdf,pdf,300,7016,4961,960,2880,2240,4160,1280,0.019069,0.013082
W3-C111265401-00_tile_r03_c02.png,W3-C111265401-00.pdf,pdf,300,7016,4961,1920,2880,3200,4160,1280,0.025189,0.016672
W3-C111265401-00_tile_r03_c03.png,W3-C111265401-00.pdf,pdf,300,7016,4961,2880,2880,4160,4160,1280,0.030595,0.022516
W3-C111265401-00_tile_r03_c04.png,W3-C111265401-00.pdf,pdf,300,7016,4961,3840,2880,5120,4160,1280,0.020059,0.01436
W3-C111265401-00_tile_r03_c05.png,W3-C111265401-00.pdf,pdf,300,7016,4961,4800,2880,6080,4160,1280,0.049677,0.033165
W3-C111265401-00_tile_r03_c06.png,W3-C111265401-00.pdf,pdf,300,7016,4961,5736,2880,7016,4160,1280,0.05069,0.033297
W3-C111265401-00_tile_r04_c00.png,W3-C111265401-00.pdf,pdf,300,7016,4961,0,3681,1280,4961,1280,0.059996,0.039878
W3-C111265401-00_tile_r04_c01.png,W3-C111265401-00.pdf,pdf,300,7016,4961,960,3681,2240,4961,1280,0.035892,0.022859
W3-C111265401-00_tile_r04_c02.png,W3-C111265401-00.pdf,pdf,300,7016,4961,1920,3681,3200,4961,1280,0.021505,0.014281
W3-C111265401-00_tile_r04_c03.png,W3-C111265401-00.pdf,pdf,300,7016,4961,2880,3681,4160,4961,1280,0.046553,0.025986
W3-C111265401-00_tile_r04_c04.png,W3-C111265401-00.pdf,pdf,300,7016,4961,3840,3681,5120,4961,1280,0.040482,0.024583
W3-C111265401-00_tile_r04_c05.png,W3-C111265401-00.pdf,pdf,300,7016,4961,4800,3681,6080,4961,1280,0.061389,0.041562
W3-C111265401-00_tile_r04_c06.png,W3-C111265401-00.pdf,pdf,300,7016,4961,5736,3681,7016,4961,1280,0.047613,0.032176
W3-C111265501-00_tile_r00_c00.png,W3-C111265501-00.pdf,pdf,300,4961,3508,0,0,1280,1280,1280,0.012853,0.008975
W3-C111265501-00_tile_r00_c01.png,W3-C111265501-00.pdf,pdf,300,4961,3508,960,0,2240,1280,1280,0.013616,0.010173
W3-C111265501-00_tile_r00_c02.png,W3-C111265501-00.pdf,pdf,300,4961,3508,1920,0,3200,1280,1280,0.01175,0.008336
W3-C111265501-00_tile_r00_c03.png,W3-C111265501-00.pdf,pdf,300,4961,3508,2880,0,4160,1280,1280,0.008832,0.006124
W3-C111265501-00_tile_r00_c04.png,W3-C111265501-00.pdf,pdf,300,4961,3508,3681,0,4961,1280,1280,0.008838,0.006003
W3-C111265501-00_tile_r01_c00.png,W3-C111265501-00.pdf,pdf,300,4961,3508,0,960,1280,2240,1280,0.030287,0.02074
W3-C111265501-00_tile_r01_c01.png,W3-C111265501-00.pdf,pdf,300,4961,3508,960,960,2240,2240,1280,0.015987,0.010547
W3-C111265501-00_tile_r01_c02.png,W3-C111265501-00.pdf,pdf,300,4961,3508,1920,960,3200,2240,1280,0.007232,0.005001
W3-C111265501-00_tile_r01_c03.png,W3-C111265501-00.pdf,pdf,300,4961,3508,2880,960,4160,2240,1280,0.032646,0.016711
W3-C111265501-00_tile_r01_c04.png,W3-C111265501-00.pdf,pdf,300,4961,3508,3681,960,4961,2240,1280,0.021403,0.012123
W3-C111265501-00_tile_r02_c00.png,W3-C111265501-00.pdf,pdf,300,4961,3508,0,1920,1280,3200,1280,0.058,0.038815
W3-C111265501-00_tile_r02_c01.png,W3-C111265501-00.pdf,pdf,300,4961,3508,960,1920,2240,3200,1280,0.022865,0.014001
W3-C111265501-00_tile_r02_c02.png,W3-C111265501-00.pdf,pdf,300,4961,3508,1920,1920,3200,3200,1280,0.030967,0.018625
W3-C111265501-00_tile_r02_c03.png,W3-C111265501-00.pdf,pdf,300,4961,3508,2880,1920,4160,3200,1280,0.051343,0.032786
W3-C111265501-00_tile_r02_c04.png,W3-C111265501-00.pdf,pdf,300,4961,3508,3681,1920,4961,3200,1280,0.047679,0.030787
W3-C111265501-00_tile_r03_c00.png,W3-C111265501-00.pdf,pdf,300,4961,3508,0,2228,1280,3508,1280,0.063476,0.041887
W3-C111265501-00_tile_r03_c01.png,W3-C111265501-00.pdf,pdf,300,4961,3508,960,2228,2240,3508,1280,0.028218,0.016899
W3-C111265501-00_tile_r03_c02.png,W3-C111265501-00.pdf,pdf,300,4961,3508,1920,2228,3200,3508,1280,0.037906,0.023013
W3-C111265501-00_tile_r03_c03.png,W3-C111265501-00.pdf,pdf,300,4961,3508,2880,2228,4160,3508,1280,0.054726,0.034974
W3-C111265501-00_tile_r03_c04.png,W3-C111265501-00.pdf,pdf,300,4961,3508,3681,2228,4961,3508,1280,0.047197,0.030053
W3-C111265901-03_tile_r00_c00.png,W3-C111265901-03.pdf,pdf,300,3509,2480,0,0,1280,1280,1280,0.016755,0.016484
W3-C111265901-03_tile_r00_c01.png,W3-C111265901-03.pdf,pdf,300,3509,2480,960,0,2240,1280,1280,0.024424,0.02574
W3-C111265901-03_tile_r00_c02.png,W3-C111265901-03.pdf,pdf,300,3509,2480,1920,0,3200,1280,1280,0.062338,0.038819
W3-C111265901-03_tile_r00_c03.png,W3-C111265901-03.pdf,pdf,300,3509,2480,2229,0,3509,1280,1280,0.057672,0.033209
W3-C111265901-03_tile_r01_c00.png,W3-C111265901-03.pdf,pdf,300,3509,2480,0,960,1280,2240,1280,0.035551,0.036988
W3-C111265901-03_tile_r01_c01.png,W3-C111265901-03.pdf,pdf,300,3509,2480,960,960,2240,2240,1280,0.042636,0.045258
W3-C111265901-03_tile_r01_c02.png,W3-C111265901-03.pdf,pdf,300,3509,2480,1920,960,3200,2240,1280,0.048473,0.051133
W3-C111265901-03_tile_r01_c03.png,W3-C111265901-03.pdf,pdf,300,3509,2480,2229,960,3509,2240,1280,0.040127,0.042619
W3-C111265901-03_tile_r02_c00.png,W3-C111265901-03.pdf,pdf,300,3509,2480,0,1200,1280,2480,1280,0.043429,0.046554
W3-C111265901-03_tile_r02_c01.png,W3-C111265901-03.pdf,pdf,300,3509,2480,960,1200,2240,2480,1280,0.042878,0.04569
W3-C111265901-03_tile_r02_c02.png,W3-C111265901-03.pdf,pdf,300,3509,2480,1920,1200,3200,2480,1280,0.047923,0.051326
W3-C111265901-03_tile_r02_c03.png,W3-C111265901-03.pdf,pdf,300,3509,2480,2229,1200,3509,2480,1280,0.040535,0.043781
W3-C111266101-01_tile_r00_c00.png,W3-C111266101-01.pdf,pdf,300,3509,2480,0,0,1280,1280,1280,0.038658,0.042655
W3-C111266101-01_tile_r00_c01.png,W3-C111266101-01.pdf,pdf,300,3509,2480,960,0,2240,1280,1280,0.029777,0.030617
W3-C111266101-01_tile_r00_c02.png,W3-C111266101-01.pdf,pdf,300,3509,2480,1920,0,3200,1280,1280,0.13683,0.036841
W3-C111266101-01_tile_r00_c03.png,W3-C111266101-01.pdf,pdf,300,3509,2480,2229,0,3509,1280,1280,0.133195,0.03184
W3-C111266101-01_tile_r01_c00.png,W3-C111266101-01.pdf,pdf,300,3509,2480,0,960,1280,2240,1280,0.050943,0.052718
W3-C111266101-01_tile_r01_c01.png,W3-C111266101-01.pdf,pdf,300,3509,2480,960,960,2240,2240,1280,0.034423,0.035925
W3-C111266101-01_tile_r01_c02.png,W3-C111266101-01.pdf,pdf,300,3509,2480,1920,960,3200,2240,1280,0.054766,0.049379
W3-C111266101-01_tile_r01_c03.png,W3-C111266101-01.pdf,pdf,300,3509,2480,2229,960,3509,2240,1280,0.047621,0.040574
W3-C111266101-01_tile_r02_c00.png,W3-C111266101-01.pdf,pdf,300,3509,2480,0,1200,1280,2480,1280,0.048914,0.047687
W3-C111266101-01_tile_r02_c01.png,W3-C111266101-01.pdf,pdf,300,3509,2480,960,1200,2240,2480,1280,0.036588,0.036169
W3-C111266101-01_tile_r02_c02.png,W3-C111266101-01.pdf,pdf,300,3509,2480,1920,1200,3200,2480,1280,0.043926,0.043335
W3-C111266101-01_tile_r02_c03.png,W3-C111266101-01.pdf,pdf,300,3509,2480,2229,1200,3509,2480,1280,0.037117,0.035008
W3-C111266701-00_tile_r00_c00.png,W3-C111266701-00.pdf,pdf,300,4961,3508,0,0,1280,1280,1280,0.015291,0.0106
W3-C111266701-00_tile_r00_c01.png,W3-C111266701-00.pdf,pdf,300,4961,3508,960,0,2240,1280,1280,0.018585,0.012983
W3-C111266701-00_tile_r00_c02.png,W3-C111266701-00.pdf,pdf,300,4961,3508,1920,0,3200,1280,1280,0.018132,0.012419
W3-C111266701-00_tile_r00_c03.png,W3-C111266701-00.pdf,pdf,300,4961,3508,2880,0,4160,1280,1280,0.072057,0.011064
W3-C111266701-00_tile_r00_c04.png,W3-C111266701-00.pdf,pdf,300,4961,3508,3681,0,4961,1280,1280,0.079893,0.012785
W3-C111266701-00_tile_r01_c00.png,W3-C111266701-00.pdf,pdf,300,4961,3508,0,960,1280,2240,1280,0.039538,0.025858
W3-C111266701-00_tile_r01_c01.png,W3-C111266701-00.pdf,pdf,300,4961,3508,960,960,2240,2240,1280,0.032679,0.020306
W3-C111266701-00_tile_r01_c02.png,W3-C111266701-00.pdf,pdf,300,4961,3508,1920,960,3200,2240,1280,0.031424,0.020261
W3-C111266701-00_tile_r01_c03.png,W3-C111266701-00.pdf,pdf,300,4961,3508,2880,960,4160,2240,1280,0.078472,0.033155
W3-C111266701-00_tile_r01_c04.png,W3-C111266701-00.pdf,pdf,300,4961,3508,3681,960,4961,2240,1280,0.080402,0.032704
W3-C111266701-00_tile_r02_c00.png,W3-C111266701-00.pdf,pdf,300,4961,3508,0,1920,1280,3200,1280,0.068878,0.039545
W3-C111266701-00_tile_r02_c01.png,W3-C111266701-00.pdf,pdf,300,4961,3508,960,1920,2240,3200,1280,0.020582,0.011373
W3-C111266701-00_tile_r02_c02.png,W3-C111266701-00.pdf,pdf,300,4961,3508,1920,1920,3200,3200,1280,0.026021,0.016782
W3-C111266701-00_tile_r02_c03.png,W3-C111266701-00.pdf,pdf,300,4961,3508,2880,1920,4160,3200,1280,0.059897,0.03934
W3-C111266701-00_tile_r02_c04.png,W3-C111266701-00.pdf,pdf,300,4961,3508,3681,1920,4961,3200,1280,0.055359,0.036747
W3-C111266701-00_tile_r03_c00.png,W3-C111266701-00.pdf,pdf,300,4961,3508,0,2228,1280,3508,1280,0.074009,0.043757
W3-C111266701-00_tile_r03_c01.png,W3-C111266701-00.pdf,pdf,300,4961,3508,960,2228,2240,3508,1280,0.023848,0.015286
W3-C111266701-00_tile_r03_c02.png,W3-C111266701-00.pdf,pdf,300,4961,3508,1920,2228,3200,3508,1280,0.033196,0.021249
W3-C111266701-00_tile_r03_c03.png,W3-C111266701-00.pdf,pdf,300,4961,3508,2880,2228,4160,3508,1280,0.056056,0.03602
W3-C111266701-00_tile_r03_c04.png,W3-C111266701-00.pdf,pdf,300,4961,3508,3681,2228,4961,3508,1280,0.04949,0.031887
W3-C111266801-01_check_revision_tile_r00_c00.png,W3-C111266801-01 check revision.pdf,pdf,300,3509,2480,0,0,1280,1280,1280,0.014982,0.014609
W3-C111266801-01_check_revision_tile_r00_c01.png,W3-C111266801-01 check revision.pdf,pdf,300,3509,2480,960,0,2240,1280,1280,0.033839,0.032584
W3-C111266801-01_check_revision_tile_r00_c02.png,W3-C111266801-01 check revision.pdf,pdf,300,3509,2480,1920,0,3200,1280,1280,0.015793,0.013362
W3-C111266801-01_check_revision_tile_r00_c03.png,W3-C111266801-01 check revision.pdf,pdf,300,3509,2480,2229,0,3509,1280,1280,0.012584,0.011503
W3-C111266801-01_check_revision_tile_r01_c00.png,W3-C111266801-01 check revision.pdf,pdf,300,3509,2480,0,960,1280,2240,1280,0.045021,0.045342
W3-C111266801-01_check_revision_tile_r01_c01.png,W3-C111266801-01 check revision.pdf,pdf,300,3509,2480,960,960,2240,2240,1280,0.039555,0.041738
W3-C111266801-01_check_revision_tile_r01_c02.png,W3-C111266801-01 check revision.pdf,pdf,300,3509,2480,1920,960,3200,2240,1280,0.032554,0.033426
W3-C111266801-01_check_revision_tile_r01_c03.png,W3-C111266801-01 check revision.pdf,pdf,300,3509,2480,2229,960,3509,2240,1280,0.028471,0.031851
W3-C111266801-01_check_revision_tile_r02_c00.png,W3-C111266801-01 check revision.pdf,pdf,300,3509,2480,0,1200,1280,2480,1280,0.052501,0.054133
W3-C111266801-01_check_revision_tile_r02_c01.png,W3-C111266801-01 check revision.pdf,pdf,300,3509,2480,960,1200,2240,2480,1280,0.036801,0.039456
W3-C111266801-01_check_revision_tile_r02_c02.png,W3-C111266801-01 check revision.pdf,pdf,300,3509,2480,1920,1200,3200,2480,1280,0.035814,0.03709
W3-C111266801-01_check_revision_tile_r02_c03.png,W3-C111266801-01 check revision.pdf,pdf,300,3509,2480,2229,1200,3509,2480,1280,0.03224,0.035712
W3-C111267301-00_tile_r00_c00.png,W3-C111267301-00.pdf,pdf,300,7016,4961,0,0,1280,1280,1280,0.012299,0.007617
W3-C111267301-00_tile_r00_c01.png,W3-C111267301-00.pdf,pdf,300,7016,4961,960,0,2240,1280,1280,0.014954,0.009215
W3-C111267301-00_tile_r00_c02.png,W3-C111267301-00.pdf,pdf,300,7016,4961,1920,0,3200,1280,1280,0.011741,0.008283
W3-C111267301-00_tile_r00_c03.png,W3-C111267301-00.pdf,pdf,300,7016,4961,2880,0,4160,1280,1280,0.021101,0.01175
W3-C111267301-00_tile_r00_c04.png,W3-C111267301-00.pdf,pdf,300,7016,4961,3840,0,5120,1280,1280,0.023831,0.015079
W3-C111267301-00_tile_r00_c05.png,W3-C111267301-00.pdf,pdf,300,7016,4961,4800,0,6080,1280,1280,0.013765,0.009461
W3-C111267301-00_tile_r00_c06.png,W3-C111267301-00.pdf,pdf,300,7016,4961,5736,0,7016,1280,1280,0.008802,0.005673
W3-C111267301-00_tile_r01_c00.png,W3-C111267301-00.pdf,pdf,300,7016,4961,0,960,1280,2240,1280,0.019528,0.012155
W3-C111267301-00_tile_r01_c01.png,W3-C111267301-00.pdf,pdf,300,7016,4961,960,960,2240,2240,1280,0.018937,0.01106
W3-C111267301-00_tile_r01_c02.png,W3-C111267301-00.pdf,pdf,300,7016,4961,1920,960,3200,2240,1280,0.011501,0.007605
W3-C111267301-00_tile_r01_c03.png,W3-C111267301-00.pdf,pdf,300,7016,4961,2880,960,4160,2240,1280,0.007407,0.005018
W3-C111267301-00_tile_r01_c04.png,W3-C111267301-00.pdf,pdf,300,7016,4961,3840,960,5120,2240,1280,0.015448,0.010979
W3-C111267301-00_tile_r01_c05.png,W3-C111267301-00.pdf,pdf,300,7016,4961,4800,960,6080,2240,1280,0.02099,0.01295
W3-C111267301-00_tile_r01_c06.png,W3-C111267301-00.pdf,pdf,300,7016,4961,5736,960,7016,2240,1280,0.014106,0.007446
W3-C111267301-00_tile_r02_c00.png,W3-C111267301-00.pdf,pdf,300,7016,4961,0,1920,1280,3200,1280,0.015079,0.009473
W3-C111267301-00_tile_r02_c01.png,W3-C111267301-00.pdf,pdf,300,7016,4961,960,1920,2240,3200,1280,0.015727,0.008962
W3-C111267301-00_tile_r02_c02.png,W3-C111267301-00.pdf,pdf,300,7016,4961,1920,1920,3200,3200,1280,0.032386,0.020534
W3-C111267301-00_tile_r02_c03.png,W3-C111267301-00.pdf,pdf,300,7016,4961,2880,1920,4160,3200,1280,0.021721,0.015032
W3-C111267301-00_tile_r02_c04.png,W3-C111267301-00.pdf,pdf,300,7016,4961,3840,1920,5120,3200,1280,0.0179,0.012885
W3-C111267301-00_tile_r02_c05.png,W3-C111267301-00.pdf,pdf,300,7016,4961,4800,1920,6080,3200,1280,0.005161,0.004277
W3-C111267301-00_tile_r02_c06.png,W3-C111267301-00.pdf,pdf,300,7016,4961,5736,1920,7016,3200,1280,0.002985,0.002017
W3-C111267301-00_tile_r03_c00.png,W3-C111267301-00.pdf,pdf,300,7016,4961,0,2880,1280,4160,1280,0.037029,0.02309
W3-C111267301-00_tile_r03_c01.png,W3-C111267301-00.pdf,pdf,300,7016,4961,960,2880,2240,4160,1280,0.031019,0.010619
W3-C111267301-00_tile_r03_c02.png,W3-C111267301-00.pdf,pdf,300,7016,4961,1920,2880,3200,4160,1280,0.039861,0.009161
W3-C111267301-00_tile_r03_c03.png,W3-C111267301-00.pdf,pdf,300,7016,4961,2880,2880,4160,4160,1280,0.046038,0.026884
W3-C111267301-00_tile_r03_c04.png,W3-C111267301-00.pdf,pdf,300,7016,4961,3840,2880,5120,4160,1280,0.038103,0.023256
W3-C111267301-00_tile_r03_c05.png,W3-C111267301-00.pdf,pdf,300,7016,4961,4800,2880,6080,4160,1280,0.032648,0.021781
W3-C111267301-00_tile_r03_c06.png,W3-C111267301-00.pdf,pdf,300,7016,4961,5736,2880,7016,4160,1280,0.02601,0.01699
W3-C111267301-00_tile_r04_c00.png,W3-C111267301-00.pdf,pdf,300,7016,4961,0,3681,1280,4961,1280,0.059996,0.039878
W3-C111267301-00_tile_r04_c01.png,W3-C111267301-00.pdf,pdf,300,7016,4961,960,3681,2240,4961,1280,0.048446,0.021564
W3-C111267301-00_tile_r04_c02.png,W3-C111267301-00.pdf,pdf,300,7016,4961,1920,3681,3200,4961,1280,0.056081,0.016293
W3-C111267301-00_tile_r04_c03.png,W3-C111267301-00.pdf,pdf,300,7016,4961,2880,3681,4160,4961,1280,0.022673,0.016823
W3-C111267301-00_tile_r04_c04.png,W3-C111267301-00.pdf,pdf,300,7016,4961,3840,3681,5120,4961,1280,0.029078,0.020369
W3-C111267301-00_tile_r04_c05.png,W3-C111267301-00.pdf,pdf,300,7016,4961,4800,3681,6080,4961,1280,0.062015,0.042015
W3-C111267301-00_tile_r04_c06.png,W3-C111267301-00.pdf,pdf,300,7016,4961,5736,3681,7016,4961,1280,0.048615,0.032962
W3-C111267401-00_tile_r00_c00.png,W3-C111267401-00.pdf,pdf,300,4961,3508,0,0,1280,1280,1280,0.022404,0.013851
W3-C111267401-00_tile_r00_c01.png,W3-C111267401-00.pdf,pdf,300,4961,3508,960,0,2240,1280,1280,0.020487,0.014496
W3-C111267401-00_tile_r00_c02.png,W3-C111267401-00.pdf,pdf,300,4961,3508,1920,0,3200,1280,1280,0.025865,0.017696
W3-C111267401-00_tile_r00_c03.png,W3-C111267401-00.pdf,pdf,300,4961,3508,2880,0,4160,1280,1280,0.026319,0.010911
W3-C111267401-00_tile_r00_c04.png,W3-C111267401-00.pdf,pdf,300,4961,3508,3681,0,4961,1280,1280,0.071008,0.015851
W3-C111267401-00_tile_r01_c00.png,W3-C111267401-00.pdf,pdf,300,4961,3508,0,960,1280,2240,1280,0.033493,0.022729
W3-C111267401-00_tile_r01_c01.png,W3-C111267401-00.pdf,pdf,300,4961,3508,960,960,2240,2240,1280,0.022663,0.015778
W3-C111267401-00_tile_r01_c02.png,W3-C111267401-00.pdf,pdf,300,4961,3508,1920,960,3200,2240,1280,0.038309,0.024597
W3-C111267401-00_tile_r01_c03.png,W3-C111267401-00.pdf,pdf,300,4961,3508,2880,960,4160,2240,1280,0.062747,0.034741
W3-C111267401-00_tile_r01_c04.png,W3-C111267401-00.pdf,pdf,300,4961,3508,3681,960,4961,2240,1280,0.072823,0.033234
W3-C111267401-00_tile_r02_c00.png,W3-C111267401-00.pdf,pdf,300,4961,3508,0,1920,1280,3200,1280,0.060695,0.040157
W3-C111267401-00_tile_r02_c01.png,W3-C111267401-00.pdf,pdf,300,4961,3508,960,1920,2240,3200,1280,0.037394,0.023514
W3-C111267401-00_tile_r02_c02.png,W3-C111267401-00.pdf,pdf,300,4961,3508,1920,1920,3200,3200,1280,0.041484,0.026816
W3-C111267401-00_tile_r02_c03.png,W3-C111267401-00.pdf,pdf,300,4961,3508,2880,1920,4160,3200,1280,0.065656,0.041278
W3-C111267401-00_tile_r02_c04.png,W3-C111267401-00.pdf,pdf,300,4961,3508,3681,1920,4961,3200,1280,0.054798,0.036154
W3-C111267401-00_tile_r03_c00.png,W3-C111267401-00.pdf,pdf,300,4961,3508,0,2228,1280,3508,1280,0.065314,0.042897
W3-C111267401-00_tile_r03_c01.png,W3-C111267401-00.pdf,pdf,300,4961,3508,960,2228,2240,3508,1280,0.04095,0.025537
W3-C111267401-00_tile_r03_c02.png,W3-C111267401-00.pdf,pdf,300,4961,3508,1920,2228,3200,3508,1280,0.04404,0.028608
W3-C111267401-00_tile_r03_c03.png,W3-C111267401-00.pdf,pdf,300,4961,3508,2880,2228,4160,3508,1280,0.059302,0.037154
W3-C111267401-00_tile_r03_c04.png,W3-C111267401-00.pdf,pdf,300,4961,3508,3681,2228,4961,3508,1280,0.048985,0.031313
W3-C111272601-00_tile_r00_c00.png,W3-C111272601-00.pdf,pdf,300,4961,3508,0,0,1280,1280,1280,0.016897,0.011785
W3-C111272601-00_tile_r00_c01.png,W3-C111272601-00.pdf,pdf,300,4961,3508,960,0,2240,1280,1280,0.029524,0.018793
W3-C111272601-00_tile_r00_c02.png,W3-C111272601-00.pdf,pdf,300,4961,3508,1920,0,3200,1280,1280,0.014272,0.007571
W3-C111272601-00_tile_r00_c03.png,W3-C111272601-00.pdf,pdf,300,4961,3508,2880,0,4160,1280,1280,0.011886,0.008235
W3-C111272601-00_tile_r00_c04.png,W3-C111272601-00.pdf,pdf,300,4961,3508,3681,0,4961,1280,1280,0.018772,0.013102
W3-C111272601-00_tile_r01_c00.png,W3-C111272601-00.pdf,pdf,300,4961,3508,0,960,1280,2240,1280,0.032441,0.022499
W3-C111272601-00_tile_r01_c01.png,W3-C111272601-00.pdf,pdf,300,4961,3508,960,960,2240,2240,1280,0.026586,0.017975
W3-C111272601-00_tile_r01_c02.png,W3-C111272601-00.pdf,pdf,300,4961,3508,1920,960,3200,2240,1280,0.02369,0.013488
W3-C111272601-00_tile_r01_c03.png,W3-C111272601-00.pdf,pdf,300,4961,3508,2880,960,4160,2240,1280,0.053204,0.02827
W3-C111272601-00_tile_r01_c04.png,W3-C111272601-00.pdf,pdf,300,4961,3508,3681,960,4961,2240,1280,0.0444,0.022521
W3-C111272601-00_tile_r02_c00.png,W3-C111272601-00.pdf,pdf,300,4961,3508,0,1920,1280,3200,1280,0.059781,0.040114
W3-C111272601-00_tile_r02_c01.png,W3-C111272601-00.pdf,pdf,300,4961,3508,960,1920,2240,3200,1280,0.034247,0.024299
W3-C111272601-00_tile_r02_c02.png,W3-C111272601-00.pdf,pdf,300,4961,3508,1920,1920,3200,3200,1280,0.040062,0.025506
W3-C111272601-00_tile_r02_c03.png,W3-C111272601-00.pdf,pdf,300,4961,3508,2880,1920,4160,3200,1280,0.08514,0.047194
W3-C111272601-00_tile_r02_c04.png,W3-C111272601-00.pdf,pdf,300,4961,3508,3681,1920,4961,3200,1280,0.074549,0.041339
W3-C111272601-00_tile_r03_c00.png,W3-C111272601-00.pdf,pdf,300,4961,3508,0,2228,1280,3508,1280,0.066814,0.04449
W3-C111272601-00_tile_r03_c01.png,W3-C111272601-00.pdf,pdf,300,4961,3508,960,2228,2240,3508,1280,0.041828,0.028827
W3-C111272601-00_tile_r03_c02.png,W3-C111272601-00.pdf,pdf,300,4961,3508,1920,2228,3200,3508,1280,0.045446,0.029111
W3-C111272601-00_tile_r03_c03.png,W3-C111272601-00.pdf,pdf,300,4961,3508,2880,2228,4160,3508,1280,0.067545,0.040644
W3-C111272601-00_tile_r03_c04.png,W3-C111272601-00.pdf,pdf,300,4961,3508,3681,2228,4961,3508,1280,0.054243,0.032844
